Product ID,Brand,Category,Sub-Category,Product Name,Configuration,HP,HP Min,HP Max,Engine,Drive,Transmission,Fuel,Deck Sizes,Attachment/Mount,Hitch,Duty,Width (in),Weight (lbs),Loader Lift (lbs),SKU,Image URL,Product Page URL,Slug,Short Description,Notes / Use Cases
TYM-001,TYM,Tractors,Sub-Compact,TYM T224,Open Station,21.5,,,Yanmar diesel engine (Japanese made),4WD,HST,Diesel,,,,,,,1100,T224,https://jjriggsequipment.com/wp-content/uploads/2024/10/tractor-featuredimage-t224-1400px-v4.png,https://jjriggsequipment.com/equipment/branson-tym-t224-sub-compact-tractor/,branson-tym-t224-sub-compact-tractor,Nimble sub-compact for homeowners. Easy in tight spaces.,
TYM-002,TYM,Tractors,Sub-Compact,TYM T254,Open Station,23.9,,,Yanmar diesel engine,4WD,2-Range HST,Diesel,,,,,,,1214,T254,https://jjriggsequipment.com/wp-content/uploads/2024/10/tractor-featuredimage-t254-1400px-v4.png,https://jjriggsequipment.com/equipment/branson-tym-t254-sub-compact-tractor/,branson-tym-t254-sub-compact-tractor,"Proof that good things come in small packages. The T254 brings greater power without compromising maneuverability, backed by a strong engine and ergonomic operator controls.",
TYM-003,TYM,Tractors,Sub-Compact,TYM T25,Open Station,24.7,,,Yanmar diesel engine (water-cooled),4WD,HST,Diesel,,,,,,,1534,T25,https://jjriggsequipment.com/wp-content/uploads/2024/10/t25_featuredimage_v2.png,https://jjriggsequipment.com/equipment/branson-tym-t25-sub-compact-tractor/,branson-tym-t25-sub-compact-tractor,"Get work done quicker with this small-frame tractor. Highly maneuverable and with maximized lift capabilities, the T25 is an all-round multi-tasking machine.",
TYM-004,TYM,Tractors,Sub-Compact,TYM T2400,Open Station,24,,,TYM,4WD,HST,Diesel,,,,,,,1499,T2400,https://jjriggsequipment.com/wp-content/uploads/2024/09/2400h.png,https://jjriggsequipment.com/equipment/branson-tym-2400-tractor/,branson-tym-2400-tractor,A versatile and highly maneuverable Series 1 tractor perfect for hobbyists to groundskeepers — enjoy the size of a riding mower with the capabilities of a full-size tractor.,
TYM-005,TYM,Tractors,Sub-Compact,TYM T2610,Open Station,24,,,TYM Tier-IV engine (naturally aspirated),Four-wheel drive,,Diesel,,,,,,,1499,T2610,https://jjriggsequipment.com/wp-content/uploads/2024/09/2610.png,https://jjriggsequipment.com/equipment/branson-tym-2610-tractor/,branson-tym-2610-tractor,Enhanced performance and maneuverability make this premium Series 1 tractor ideal for everyday tasks — highly efficient and versatile for a range of applications.,
TYM-006,TYM,Tractors,Sub-Compact,TYM T3025,Cab,24,,,TYM Tier-4 Diesel Engine — No Regeneration,4WD,3-Range HST,Diesel,,,,,,,2200,T3025,https://jjriggsequipment.com/wp-content/uploads/2026/01/3025-1.png,https://jjriggsequipment.com/equipment/tym-t3025-24hp/,tym-t3025-24hp,"Compact but capable, the T3025 delivers best-in-class lift capacity with a no-regeneration TYM engine — meaning less downtime and more time getting work done.",
TYM-007,TYM,Tractors,Sub-Compact,TYM T3025C,Cab,24,,,TYM Tier-4 Engine,4WD,3-Range HST,Diesel,,,,,,,2200,T3025C,https://jjriggsequipment.com/wp-content/uploads/2026/01/t3025c_featureimage.png,https://jjriggsequipment.com/equipment/tym-t3025c-24hp/,tym-t3025c-24hp,"Compact but capable, the T3025C delivers best-in-class lift capacity with a no-regeneration TYM engine — less downtime, more time getting work done — in a climate-controlled cab.",
TYM-008,TYM,Tractors,Compact,TYM T3035,Cab,35,,,naturally aspirated 3-cylinder TYM diesel engine,4WD,3-Range HST,Diesel,,,,,,,2200,T3035,https://jjriggsequipment.com/wp-content/uploads/2026/01/3035_frontleft_optimized.png,https://jjriggsequipment.com/equipment/tym-t3035-35hp/,tym-t3035-35hp,"Built for operators who need more power without more bulk, the T3035 combines turbocharged performance with the nimble footprint of a compact tractor.",
TYM-009,TYM,Tractors,Compact,TYM T3035C,Cab,35,,,3-cylinder TYM diesel engine,4WD,3-Range HST,Diesel,,,,,,,2200,T3035C,https://jjriggsequipment.com/wp-content/uploads/2024/01/3515C-square.jpg,https://jjriggsequipment.com/equipment/tym-t3035c-35hp/,tym-t3035c-35hp,"Built for operators who need more power without more bulk, the T3035C pairs turbocharged performance with a compact footprint and a climate-controlled cab.",
TYM-010,TYM,Tractors,Compact,TYM T3620,Open Station,36,,,TYM Tier-IV engine (naturally aspirated),4WD,,Diesel,,,,,,,3306,T3620,https://jjriggsequipment.com/wp-content/uploads/2024/09/3620.png,https://jjriggsequipment.com/equipment/branson-tym-3620-tractor/,branson-tym-3620-tractor,High performance meets efficiency in this highly customizable Series 3 tractor with the power to support your productivity.,
TYM-011,TYM,Tractors,Compact,TYM T4820,Open Station,48,,,Naturally aspirated engine designed and manufactured by TYM,4WD,,Diesel,,,,,,,3306,T4820,https://jjriggsequipment.com/wp-content/uploads/2024/09/3620.png,https://jjriggsequipment.com/equipment/branson-tym-4820-tractor/,branson-tym-4820-tractor,High performance meets efficiency in this highly customizable Series 3 tractor with the power to support your productivity.,
TYM-012,TYM,Tractors,Compact,TYM T4820C,Cab,48,,,TYM Tier-IV engine,4WD,,Diesel,,,,,,,3306,T4820C,https://jjriggsequipment.com/wp-content/uploads/2024/09/5520.png,https://jjriggsequipment.com/equipment/branson-tym-4820c/,branson-tym-4820c,High performance meets efficiency in this highly customizable Series 3 tractor with the power to support your productivity.,
TYM-013,TYM,Tractors,Compact,TYM T4820CH,Cab,48,,,TYM,4WD,,Diesel,,,,,,,3306,T4820CH,https://jjriggsequipment.com/wp-content/uploads/2024/09/5520.png,https://jjriggsequipment.com/equipment/branson-tym-4820ch/,branson-tym-4820ch,High performance meets efficiency in this highly customizable Series 3 tractor with the power to support your productivity — with a heated cab.,
TYM-014,TYM,Tractors,Compact,TYM T474,Cab,48.3,,,4-cyclinder TYM diesel engine,4WD,,Diesel,,,,,,,2688,T474,https://jjriggsequipment.com/wp-content/uploads/2024/10/t474_t475_featuredimage.png,https://jjriggsequipment.com/equipment/branson-tym-t474-2-compact-tractor/,branson-tym-t474-2-compact-tractor,"Take on harder tasks in smaller spaces with the T474 — durable and engineered to be efficient, an easy-to-control workhorse for greenhouses, orchards and more.",
TYM-015,TYM,Tractors,Compact,TYM T474C,Cab,48.3,,,4-cylinder TYM diesel engine,4WD,,Diesel,,,,,,,2688,T474C,https://jjriggsequipment.com/wp-content/uploads/2024/10/tym_t474c_featuredimage_v2.png,https://jjriggsequipment.com/equipment/branson-tym-t474c-compact-tractor/,branson-tym-t474c-compact-tractor,"Take on harder tasks in smaller spaces with the T474C — durable and engineered to be efficient, an easy-to-control workhorse for greenhouses, orchards and more.",
TYM-016,TYM,Tractors,Compact,TYM T494,Open Station,48.3,,,TYM 4-cylinder Diesel,4WD,,Diesel,,,,,,,,T494,https://jjriggsequipment.com/wp-content/uploads/2024/10/tym_t494_t574_featuredimage_v2.png,https://jjriggsequipment.com/equipment/branson-tym-t494-compact-tractor/,branson-tym-t494-compact-tractor,"Take on tough jobs in tight spaces with the T494 — the best of our compact and utility ranges, balancing high power output with maximized maneuverability.",
TYM-017,TYM,Tractors,Compact,TYM T494C,Cab,48.3,,,TYM diesel engine,4WD,,Diesel,,,,,,,3822,T494C,https://jjriggsequipment.com/wp-content/uploads/2024/10/t494_t495_t574_t575_featuredimage.png,https://jjriggsequipment.com/equipment/branson-tym-t494c-compact-tractor/,branson-tym-t494c-compact-tractor,"Take on tough jobs in tight spaces with the T494C — the best of our compact and utility ranges, balancing high power output with maximized maneuverability, in a premium cab.",
TYM-018,TYM,Tractors,Compact,TYM T5520,Cab,55,,,TYM Tier-IV engine,4WD,HST,Diesel,,,,,,,3306,T5520,https://jjriggsequipment.com/wp-content/uploads/2024/01/5520-.jpg,https://jjriggsequipment.com/equipment/branson-tym-5520-tractor/,branson-tym-5520-tractor,High performance meets efficiency in this highly customizable Series 3 tractor with the power to support your productivity.,
TYM-019,TYM,Tractors,Compact,TYM T5520CH,Cab,55,,,TYM Tier-IV engine,4WD,,Diesel,,,,,,,3306,T5520CH,https://jjriggsequipment.com/wp-content/uploads/2024/09/5520.png,https://jjriggsequipment.com/equipment/branson-tym-5520ch/,branson-tym-5520ch,High performance meets efficiency in this highly customizable Series 3 tractor with the power to support your productivity — with a heated cab.,
TYM-020,TYM,Tractors,Compact,TYM T574,Cab,55,,,4-cyclinder TYM diesel engine (Tier-4 certified),4WD,,Diesel,,,,,,,3822,T574,https://jjriggsequipment.com/wp-content/uploads/2024/10/tym_t494_t574_featuredimage_v2-1.png,https://jjriggsequipment.com/equipment/branson-tym-t574-compact-tractor/,branson-tym-t574-compact-tractor,"Take on tough jobs in tight spaces with the T574 — the best of our compact and utility ranges, balancing high power output with maximized maneuverability.",
TYM-021,TYM,Tractors,Compact,TYM T574C,Cab,55,,,4-cylinder TYM diesel engine,4WD,,Diesel,,,,,,,,T574C,https://jjriggsequipment.com/wp-content/uploads/2024/10/t494_t495_t574_t575_featuredimage-1.png,https://jjriggsequipment.com/equipment/branson-tym-t574c-compact-tractor/,branson-tym-t574c-compact-tractor,"Take on tough jobs in tight spaces with the T574C — the best of our compact and utility ranges, balancing high power output with maximized maneuverability, in a premium cab.",
TYM-022,TYM,Tractors,Compact,TYM T4058P,Open Station,58,,,Turbocharged TYM Engine,4WD,Power Shuttle,Diesel,,,,,,,4409,T4058P,https://jjriggsequipment.com/wp-content/uploads/2026/01/4058-tym-2515_3015_3515_4215_4815_frontleft_optimized.png,https://jjriggsequipment.com/equipment/tym-t4058p-58hp/,tym-t4058p-58hp,"When it comes to all-around productivity, look no further than the T4058P — a compact utility tractor that boosts output with impressive efficiency and the deluxe features of the TYM Series 4.",
TYM-023,TYM,Tractors,Compact,TYM T4058PC,Cab,58,,,58 HP Turbocharged TYM Engine,4WD,Power Shuttle,Diesel,,,,,,,4409,T4058PC,https://jjriggsequipment.com/wp-content/uploads/2026/01/t4058pc_360image_1.png,https://jjriggsequipment.com/equipment/t4058c/,t4058c,"When it comes to all-around productivity, look no further than the T4058PC — a cab-equipped compact utility tractor that boosts output with impressive efficiency and the deluxe features of the TYM Series 4.",
TYM-024,TYM,Tractors,Compact,TYM T5075,Cab,74,,,Deutz TCD 2.9L,4WD,Power Shuttle,Diesel,,,,,,,,T5075,https://jjriggsequipment.com/wp-content/uploads/2026/01/t5075_features-image-shadow_optimized_v2.png,https://jjriggsequipment.com/equipment/tym-t5075-74hp/,tym-t5075-74hp,"Powered by a no-regeneration Deutz diesel and built with MYTYM telematics standard, the T5075 delivers premium performance for serious operations.",
TYM-025,TYM,Tractors,Utility,TYM T115,Cab,111,,,Deutz TCD3.6L engine,4WD,Powershift,Diesel,,,,,,,7295,T115,https://jjriggsequipment.com/wp-content/uploads/2024/10/tym_130na_featureimage_v3.png,https://jjriggsequipment.com/equipment/branson-tym-t115-utility-tractor/,branson-tym-t115-utility-tractor,Take utilization to the next level with one of the largest TYM tractors. The T115 is equipped to tackle the toughest jobs with maximized productivity.,
TYM-026,TYM,Tractors,Utility,TYM T130,Cab,127,,,Deutz TCD3.6L,4WD,Electronic hydraulic control system,Diesel,,,,,,,8262,T130,https://jjriggsequipment.com/wp-content/uploads/2024/10/tym_130na_featureimage_v3.png,https://jjriggsequipment.com/equipment/branson-tym-t130-utility-tractor/,branson-tym-t130-utility-tractor,"TYM's flagship tractor combines sophisticated design, powerful performance, and premium features for operator convenience.",
BBT-001,Bad Boy,Tractors,Sub-Compact (10 Series),Bad Boy 1022,Open Station,21.5,,,,4WD selectable,Hydro Max,,,,,,,,617,1022,img/bb-tractor-images/1022/1022_model_photo_1.png,https://badboycountry.com/tractors/1022-tractor,1022-tractor,"Entry-level sub-compact with selectable 4WD, HST transmission, and 617-lb loader capacity.","hobby farm, landscaping, tight spaces, property maintenance"
BBT-002,Bad Boy,Tractors,Sub-Compact (10 Series),Bad Boy 1025,Open Station,25,,,,,Hydro Max,,,,,,,,992,1025,img/bb-tractor-images/1025/1025_model_photo_1.png,https://badboycountry.com/tractors/1025-tractor,1025-tractor,25-hp sub-compact with HST transmission and 992-lb loader lift capacity.,"hobby farm, landscaping, tight spaces, property maintenance"
BBT-003,Bad Boy,Tractors,Compact (30 Series),Bad Boy 3026,Open Station,25,,,,4WD selectable,Hydro Max,,,,,,,,1314,3026,img/bb-tractor-images/3026/3026_model_photo_1.png,https://badboycountry.com/tractors/3026-tractor,3026-tractor,"25-hp compact with selectable 4WD, HST transmission, and 1,314-lb loader capacity.","hobby farm, landscaping, property maintenance, acreage"
BBT-004,Bad Boy,Tractors,Compact (40 Series),Bad Boy 4025,Open Station,25,,,,,Hydro Max,,,,,,,,2200,4025,img/bb-tractor-images/4025/4025_model_photo_1.png,https://badboycountry.com/tractors/4025-tractor,4025-tractor,"25-hp compact with Hydro Max HST transmission and 2,200-lb loader lift capacity.","hobby farm, landscaping, property maintenance, acreage"
BBT-005,Bad Boy,Tractors,Compact (40 Series),Bad Boy 4035H,Open Station,35,,,,,Hydro Max,,,,,,,,2200,4035H,img/bb-tractor-images/4035/4035_model_photo_1.png,https://badboycountry.com/tractors/4035-tractor,4035-tractor,"35-hp open-station compact with Hydro Max HST transmission and 2,200-lb loader capacity.","hobby farm, landscaping, property maintenance, acreage, hay"
BBT-006,Bad Boy,Tractors,Compact (40 Series),Bad Boy 4035CH,Cab,35,,,,,Hydro Max,,,,,,,,2200,4035CH,img/bb-tractor-images/4035/4035_model_photo_1.png,https://badboycountry.com/tractors/4035-tractor,4035-tractor,"35-hp factory-cab compact with climate control, heated seat, and 2,200-lb loader capacity.","hobby farm, landscaping, property maintenance, acreage, hay, snow"
BBT-007,Bad Boy,Tractors,Compact Utility (50 Series),Bad Boy 5045S,Open Station,48,,,,,Shuttle Shift,,,,,,,,2700,5045S,img/bb-tractor-images/5045/5045s_model_photo_1.jpg,https://badboycountry.com/tractors/5045-tractor,5045-tractor,"48-hp open-station compact utility with 16F/16R shuttle transmission and 2,700-lb loader capacity.","hay, livestock, acreage, property maintenance, landscaping"
BBT-008,Bad Boy,Tractors,Compact Utility (50 Series),Bad Boy 5045CS,Cab,48,,,,,Shuttle Shift,,,,,,,,2700,5045CS,img/bb-tractor-images/5045/5045s_model_photo_1.jpg,https://badboycountry.com/tractors/5045-tractor,5045-tractor,"48-hp cab compact utility with climate control, leather heated seat, and shuttle shift transmission.","hay, livestock, acreage, property maintenance, snow"
BBT-009,Bad Boy,Tractors,Compact Utility (50 Series),Bad Boy 5045H,Open Station,48,,,,,Hydro Max,,,,,,,,2700,5045H,img/bb-tractor-images/5045/5045s_model_photo_1.jpg,https://badboycountry.com/tractors/5045-tractor,5045-tractor,"48-hp open-station compact utility with 4-range hydrostatic transmission and 2,700-lb loader capacity.","hay, livestock, acreage, property maintenance, landscaping"
BBT-010,Bad Boy,Tractors,Compact Utility (50 Series),Bad Boy 5045CH,Cab,48,,,,,Hydro Max,,,,,,,,2700,5045CH,img/bb-tractor-images/5045/5045s_model_photo_1.jpg,https://badboycountry.com/tractors/5045-tractor,5045-tractor,48-hp cab compact utility with 4-range HST transmission and climate-controlled factory cab.,"hay, livestock, acreage, property maintenance, snow"
BBT-011,Bad Boy,Tractors,Compact Utility (50 Series),Bad Boy 5055S,Open Station,55,,,,4WD selectable,Shuttle Shift,,,,,,,,2700,5055S,img/bb-tractor-images/5055/5055cs_model_photo_1.jpg,https://badboycountry.com/tractors/5055-tractor,5055-tractor,"55-hp open-station compact utility with selectable 4WD, 16F/16R shuttle transmission, and 2,700-lb loader.","hay, livestock, acreage, property maintenance, landscaping"
BBT-012,Bad Boy,Tractors,Compact Utility (50 Series),Bad Boy 5055CS,Cab,55,,,,4WD selectable,Shuttle Shift,,,,,,,,2700,5055CS,img/bb-tractor-images/5055/5055cs_model_photo_1.jpg,https://badboycountry.com/tractors/5055-tractor,5055-tractor,"55-hp cab compact utility with selectable 4WD, shuttle shift transmission, and climate-controlled cab.","hay, livestock, acreage, property maintenance, snow"
BBT-013,Bad Boy,Tractors,Compact Utility (50 Series),Bad Boy 5055H,Open Station,55,,,,4WD selectable,Hydro Max,,,,,,,,2700,5055H,img/bb-tractor-images/5055/5055cs_model_photo_1.jpg,https://badboycountry.com/tractors/5055-tractor,5055-tractor,"55-hp open-station compact utility with selectable 4WD, 4-range HST transmission, and 2,700-lb loader.","hay, livestock, acreage, property maintenance, landscaping"
BBT-014,Bad Boy,Tractors,Compact Utility (50 Series),Bad Boy 5055CH,Cab,55,,,,4WD selectable,Hydro Max,,,,,,,,2700,5055CH,img/bb-tractor-images/5055/5055cs_model_photo_1.jpg,https://badboycountry.com/tractors/5055-tractor,5055-tractor,"55-hp cab compact utility with selectable 4WD, 4-range HST transmission, and climate-controlled cab.","hay, livestock, acreage, property maintenance, snow"
BBM-001,Bad Boy,Mowers,Residential · Zero Turn,Bad Boy Rebel,,35,,,Kawasaki,Dual Hydro-Gear 4400 Series 16cc Integrated Transaxle,Dual Hydro-Gear® 4400 Series High-Performance Integrated Drive Systems,Gas,"54, 61, 72",,,,,,,Rebel,img/bad-boy-mowers/bad-boy-rebel.jpg,https://badboycountry.com/mowers/rebel,rebel,"The Rebel brings Bad Boy's signature commercial-grade power home at a price designed for homeowners, giving your yard a professional-quality cut every time.",
BBM-002,Bad Boy,Mowers,Residential · Zero Turn,Bad Boy ZT Elite,,26,,,"Kawasaki, Kohler",Dual Hydro-Gear 3100 Series 10cc Integrated Transaxle,Dual Hydro-Gear 3100 Series Integrated Drive Systems,Gas,"48, 54, 60",,,,,,,ZT Elite,img/bad-boy-mowers/bad-boy-zt-elite.jpg,https://badboycountry.com/mowers/zt-elite,zt-elite,"The ZT Elite has long been our biggest seller — built as tough as they come with our patented front suspension and superior comfort, for a quality cut at an even better price.",
BBM-003,Bad Boy,Mowers,Residential · Zero Turn,Bad Boy ZT Avenger,,26,,,"Kawasaki, Kohler",Dual Hydro-Gear 2800 Series 10cc Integrated Transaxle,Dual Hydro-Gear 2800 Series 10cc Integrated Transaxle,Gas,"54, 60",,,,,,,ZT Avenger,img/bad-boy-mowers/bad-boy-avenger.jpg,https://badboycountry.com/mowers/zt-avenger,zt-avenger,"The ZT Avenger is our biggest value for the residential homeowner — the same build quality and durability as every Bad Boy mower before it, with all the power and performance you'd expect, at a price you probably wouldn't.",
BBM-004,Bad Boy,Mowers,Residential · Zero Turn,Bad Boy Maverick,,25,,,"Kawasaki, Kohler",Dual Hydro-Gear 3200 Series 10cc Integrated Transaxle,Dual Hydro-Gear 3200 Series 10cc Integrated Transaxle,Gas,"48, 54, 60",,,,,,,Maverick,img/bad-boy-mowers/bad-boy-maverick.jpg,https://badboycountry.com/mowers/maverick,maverick,"The Maverick is unlike any mower in its class — built and outfitted commercial-grade tough, with popular power options and superior comfort, at the best price for homeowners who want more from their mower.",
BBM-005,Bad Boy,Mowers,Residential · Zero Turn,Bad Boy MZ Magnum,,24,,,"Kawasaki, Kohler",Dual Hydro-Gear EZT-2200,Dual Hydro-Gear EZT-2200,Gas,"48, 54, 60",,,,,,,MZ Magnum,img/bad-boy-mowers/bad-boy-magnum.jpg,https://badboycountry.com/mowers/mz-magnum,mz-magnum,"Most mowers in this price range are stamped from flimsy steel and bolted together. The MZ Magnum is built right alongside our commercial mowers, with the same professional build quality.",
BBM-006,Bad Boy,Mowers,Residential · Stand-On,Bad Boy Revolt SD,,22,,,"Kawasaki, Kohler",Dual Hydro-Gear 2800 Performance Integrated Drive Systems,Dual Hydro-Gear 2800 Performance Integrated Drive Systems,Gas,"34, 42",,,,,,,Revolt SD,img/bad-boy-mowers/bad-boy-revolt-sd.jpg,https://badboycountry.com/mowers/revolt-sd,revolt-sd,We modified the Revolt to make the perfect stand-on mower for any homeowner — a better value for smaller properties with the same premium quality you expect from Bad Boy.,
BBM-007,Bad Boy,Mowers,Residential · Zero Turn,Bad Boy MZ Rambler,,22,,,"Briggs & Stratton, Kohler, Kawasaki",Dual Hydro-Gear ZT 2200,Dual Hydro-Gear ZT 2200,Gas,42,,,,,,,MZ Rambler,img/bad-boy-mowers/bad-boy-mz.jpg,https://badboycountry.com/mowers/mz-rambler,mz-rambler,"The MZ Rambler is Bad Boy's smallest zero-turn — compact and agile, with the heaviest-built deck in its class for long-lasting durability.",
BBM-008,Bad Boy,Mowers,Commercial · Zero Turn,Bad Boy Rogue,,40,,,"Kawasaki, Kohler, Vanguard",Hydro-Gear 16cc Pump; Parker 18ci Wheel Motors,Dual 16cc Hydro-Gear Pumps,Gas,"54, 61, 72",,,,,,,Rogue,img/bad-boy-mowers/bad-boy-rogue-commercial.jpg,https://badboycountry.com/mowers/rogue,rogue,"The Rogue's patented EZ-Ride 3-link trailing suspension is the first and only of its kind — a smoother ride, more consistent tire contact and increased traction for a legendary mowing experience.",
BBM-009,Bad Boy,Mowers,Commercial · Zero Turn,Bad Boy Rebel X,,40,,,"Kawasaki, Vanguard",Dual Hydro-Gear 5400 Series 16cc Integrated Transaxle,Dual Hydro-Gear 5400 Series 16cc Integrated Transaxle,Gas,"61, 72",,,,,,,Rebel X,img/bad-boy-mowers/bad-boy-rebel-x.jpg,https://badboycountry.com/mowers/rebel-x,rebel-x,We turned the Rebel up a notch with our latest innovation. The Rebel X sports a sleek new look with upgrades that change the game once again.,
BBM-010,Bad Boy,Mowers,Commercial · Zero Turn,Bad Boy Renegade Gas,,38.5,,,Kohler,Hydro-Gear 16cc Pump; Parker 18ci Wheel Motors,Dual Pump Belt System,Gas,"61, 72",,,,,,,Renegade Gas,img/bad-boy-mowers/bad-boy-renegade-gas.jpg,https://badboycountry.com/mowers/renegade-gas,renegade-gas,The Renegade's cast-iron I-Beam front suspension and revolutionary 3-link rear suspension combine with the industry's strongest front rail and forks for the smoothest ride possible.,
BBM-011,Bad Boy,Mowers,Commercial · Stand-On,Bad Boy Revolt,,31,,,"Kawasaki, Vanguard","Hydro-Gear 3100 10cc (36""); Hydro-Gear 3400 12cc (48""/54""/61"")","Hydro-Gear 3100 10cc (36""); Hydro-Gear 3400 12cc (48""/54""/61"")",Gas,"36, 48, 54, 61",,,,,,,Revolt,img/bad-boy-mowers/bad-boy-revolt.jpg,https://badboycountry.com/mowers/revolt,revolt,The Revolt's shorter frame and curved I-Beam front fork give you a lower center of gravity for maximum maneuverability and visibility — an unbelievably smooth ride no other stand-on mower can match.,
BBM-012,Bad Boy,Mowers,Commercial · Zero Turn,Bad Boy Maverick HD,,28,,,"Kawasaki, Vanguard",Dual Hydro-Gear ZT-3400 Series 12cc Integrated Transaxle,Dual Hydro-Gear ZT-3400 Series 12cc Integrated Transaxle,Gas,"42, 48, 54, 60",,,,,,,Maverick HD,img/bad-boy-mowers/bad-boy-maverick-hd.jpg,https://badboycountry.com/mowers/maverick-hd,maverick-hd,"We turned the power up a notch on the Maverick HD. The Hydro-Gear ZT-3400 integrated high-efficiency drive system has commercial-rated hydraulics with a heavier 1.25"" shaft — built stronger to last longer.",
BBM-013,Bad Boy,Mowers,Commercial · Zero Turn,Bad Boy Renegade Diesel,,24.7,,,Perkins,Hydro-Gear 16cc Pump; Parker 18ci Wheel Motors,Hydro-Gear 16cc Pump; Parker 18ci Wheel Motors,Diesel,61,,,,,,,Renegade Diesel,img/bad-boy-mowers/bad-boy-renegade-diesel.jpg,https://badboycountry.com/mowers/renegade-diesel,renegade-diesel,"The Renegade Diesel works hard so you don't have to — 1100cc of diesel torque for pure, long-lasting, brute-force performance.",
BBM-014,Bad Boy,Mowers,Commercial · Walk-Behind,Bad Boy Raider,,18.5,,,Kawasaki,Dual Hydro-Gear 3100 12cc Integrated Transaxle,Dual Hydro-Gear 3100 12cc Integrated Transaxle,Gas,"36, 48, 54",,,,,,,Raider,img/bad-boy-mowers/bad-boy-raider.jpg,https://badboycountry.com/mowers/raider,raider,The Raider is a budget-friendly zero-turn that doesn't skimp on performance — packing patented innovation and Bad Boy-exclusive features into an affordable package.,
BBM-015,Bad Boy,Mowers,Residential · Zero Turn,Bad Boy E-Magnum,,0,,,Electric,Electric motor; 80V lithium-ion battery system,Electric motor; 80V lithium-ion battery system,Electric,42,,,,,,,E-Magnum,img/bad-boy-mowers/bad-boy-e-magnum.jpg,https://badboycountry.com/mowers/e-magnum,e-magnum,Meet Bad Boy's first electric zero-turn mower. We added a quiet and powerful electric drive to give you a new way to mow with an attitude.,
BB-001,Bad Boy,Implements,Cutting & mowing > Rotary Cutters,4' Standard-Duty Rotary Cutter,,,24,40,,,,,,3-Point Hitch,Cat 1,Standard-Duty,48,425,,,,,badboy-rotary-cutters-4-standard-duty-rotary-cutter,,
BB-002,Bad Boy,Implements,Cutting & mowing > Rotary Cutters,5' Standard-Duty Rotary Cutter,,,24,55,,,,,,3-Point Hitch,Cat 1,Standard-Duty,60,500,,,,,badboy-rotary-cutters-5-standard-duty-rotary-cutter,,
BB-003,Bad Boy,Implements,Cutting & mowing > Rotary Cutters,6' Standard-Duty Rotary Cutter,,,24,55,,,,,,3-Point Hitch,Cat 1,Standard-Duty,72,892,,,,,badboy-rotary-cutters-6-standard-duty-rotary-cutter,,
BB-004,Bad Boy,Implements,Cutting & mowing > Rotary Cutters,4' Heavy-Duty Rotary Cutter,,,24,40,,,,,,3-Point Hitch,Cat 1,Heavy-Duty,48,600,,,,,badboy-rotary-cutters-4-heavy-duty-rotary-cutter,,
BB-005,Bad Boy,Implements,Cutting & mowing > Rotary Cutters,5' Heavy-Duty Rotary Cutter,,,24,55,,,,,,3-Point Hitch,Cat 1,Heavy-Duty,60,718,,,,,badboy-rotary-cutters-5-heavy-duty-rotary-cutter,,
BB-006,Bad Boy,Implements,Cutting & mowing > Rotary Cutters,6' Heavy-Duty Rotary Cutter,,,35,72,,,,,,3-Point Hitch,Cat 1,Heavy-Duty,72,880,,,,,badboy-rotary-cutters-6-heavy-duty-rotary-cutter,,
BB-007,Bad Boy,Implements,Cutting & mowing > Rotary Cutters,7' Heavy-Duty Rotary Cutter,,,35,83,,,,,,3-Point Hitch,Cat 1/Cat 2,Heavy-Duty,84,1187,,,,,badboy-rotary-cutters-7-heavy-duty-rotary-cutter,,
BB-008,Bad Boy,Implements,Cutting & mowing > Rotary Cutters,10' Heavy-Duty Rotary Cutter,,,60,120,,,,,,3-Point Hitch,Cat 3,Heavy-Duty,120,2050,,,,,badboy-rotary-cutters-10-heavy-duty-rotary-cutter,,
BB-009,Bad Boy,Implements,Cutting & mowing > Flex Wing Cutter,12' Flex Wing Cutter,,,35,60,,,,,,Pull-Behind,,,144,2994,,,,,badboy-flex-wing-cutter-12-flex-wing-cutter,,
BB-010,Bad Boy,Implements,Dirt work & grading > Box Blades,4' Box Blade,,,20,55,,,,,,3-Point Hitch,Cat 1,,48,389,,,,,badboy-box-blades-4-box-blade,,
BB-011,Bad Boy,Implements,Dirt work & grading > Box Blades,5' Box Blade,,,25,55,,,,,,3-Point Hitch,Cat 1,,60,436,,,,,badboy-box-blades-5-box-blade,,
BB-012,Bad Boy,Implements,Dirt work & grading > Box Blades,6' Box Blade,,,25,55,,,,,,3-Point Hitch,Cat 1,,72,510,,,,,badboy-box-blades-6-box-blade,,
BB-013,Bad Boy,Implements,Dirt work & grading > Box Blades,7' Box Blade,,,,80,,,,,,3-Point Hitch,Cat 1/Cat 2,,84,568,,,,,badboy-box-blades-7-box-blade,,max engine HP
BB-014,Bad Boy,Implements,Dirt work & grading > Land Graders,5' Land Grader,,,18,55,,,,,,3-Point Hitch,Cat 1,,60,463,,,,,badboy-land-graders-5-land-grader,,
BB-015,Bad Boy,Implements,Dirt work & grading > Land Graders,6' Land Grader,,,18,55,,,,,,3-Point Hitch,Cat 1,,72,499,,,,,badboy-land-graders-6-land-grader,,
BB-016,Bad Boy,Implements,Dirt work & grading > Land Graders,7' Land Grader,,,,80,,,,,,3-Point Hitch,Cat 1/Cat 2,,84,570,,,,,badboy-land-graders-7-land-grader,,max engine HP
BB-017,Bad Boy,Implements,Tillage > Rotary Tillers,4' Rotary Tiller,,,25,45,,,,,,3-Point Hitch,Cat 1,,48,658,,,,,badboy-rotary-tillers-4-rotary-tiller,,
BB-018,Bad Boy,Implements,Tillage > Rotary Tillers,5' Rotary Tiller,,,25,45,,,,,,3-Point Hitch,Cat 1,,60,698,,,,,badboy-rotary-tillers-5-rotary-tiller,,
BB-019,Bad Boy,Implements,Tillage > Rotary Tillers,6' Rotary Tiller,,,25,45,,,,,,3-Point Hitch,Cat 1,,72,738,,,,,badboy-rotary-tillers-6-rotary-tiller,,
BB-020,Bad Boy,Implements,Tillage > Rotary Tillers,7' Rotary Tiller,,,50,65,,,,,,3-Point Hitch,Cat 1,,84,810,,,,,badboy-rotary-tillers-7-rotary-tiller,,
BB-021,Bad Boy,Implements,Tillage > Disc Harrow,4' Disc Harrow,,,,,,,,,,3-Point Hitch,Cat 1,,48,402,,,,,badboy-disc-harrow-4-disc-harrow,,
BB-022,Bad Boy,Implements,Tillage > Disc Harrow,5' Disc Harrow,,,,,,,,,,3-Point Hitch,Cat 1,,60,449,,,,,badboy-disc-harrow-5-disc-harrow,,
BB-023,Bad Boy,Implements,Tillage > Disc Harrow,6' Disc Harrow,,,,,,,,,,3-Point Hitch,Cat 1/Cat 2,,72,702,,,,,badboy-disc-harrow-6-disc-harrow,,
BB-024,Bad Boy,Implements,Tillage > Disc Harrow,7' Disc Harrow,,,,,,,,,,3-Point Hitch,Cat 1/Cat 2,,84,770,,,,,badboy-disc-harrow-7-disc-harrow,,
BB-025,Bad Boy,Implements,Material handling > Forks & Hitches,QA Front Hay Spear,,,,,,,,,,Front Loader QA,,,,150,,,,,badboy-forks-hitches-qa-front-hay-spear,,
BB-026,Bad Boy,Implements,Material handling > Forks & Hitches,3-Prong 3-Point Hay Fork,,,,,,,,,,3-Point Hitch,Cat 1,,,79,,,,,badboy-forks-hitches-3-prong-3-point-hay-fork,,
BB-027,Bad Boy,Implements,Material handling > Forks & Hitches,2-Prong 3-Point Hay Fork & Trailer Mover Combo,,,,,,,,,,3-Point Hitch,Cat 1,,,107,,,,,badboy-forks-hitches-2-prong-3-point-hay-fork-trailer-mover-combo,,
BB-028,Bad Boy,Implements,Material handling > Forks & Hitches,3-Point Trailer Mover,,,,,,,,,,3-Point Hitch,Cat 1,,,43,,,,,badboy-forks-hitches-3-point-trailer-mover,,
BB-029,Bad Boy,Implements,Material handling > Forks & Hitches,Heavy-Duty Pallet Forks,,,,,,,,,,Front Loader QA,,,,350,,,,,badboy-forks-hitches-heavy-duty-pallet-forks,,
BB-030,Bad Boy,Implements,Material handling > Forks & Hitches,Standard Pallet Forks,,,,,,,,,,Front Loader QA,,,,310,,,,,badboy-forks-hitches-standard-pallet-forks,,
BB-031,Bad Boy,Implements,Material handling > Front Grapples,"Large Front Grapple (70"")",,,,,,,,,,Front Loader QA,,,,375,,,,,badboy-front-grapples-large-front-grapple-70,,
BB-032,Bad Boy,Implements,Material handling > Front Grapples,"Small Front Grapple (48"")",,,,,,,,,,Front Loader QA,,,,255,,,,,badboy-front-grapples-small-front-grapple-48,,
BB-033,Bad Boy,Implements,Dirt work & grading > Grader Blades,4' Grader Blade,,,17,25,,,,,,3-Point Hitch,Cat 1,,48,220,,,,,badboy-grader-blades-4-grader-blade,,
BB-034,Bad Boy,Implements,Dirt work & grading > Grader Blades,5' Grader Blade,,,17,40,,,,,,3-Point Hitch,Cat 1,,60,263,,,,,badboy-grader-blades-5-grader-blade,,
BB-035,Bad Boy,Implements,Dirt work & grading > Grader Blades,6' Grader Blade,,,20,40,,,,,,3-Point Hitch,Cat 1,,72,306,,,,,badboy-grader-blades-6-grader-blade,,
BB-036,Bad Boy,Implements,Dirt work & grading > Grader Blades,7' Grader Blade,,,20,40,,,,,,3-Point Hitch,Cat 1,,84,350,,,,,badboy-grader-blades-7-grader-blade,,
BB-037,Bad Boy,Implements,Dirt work & grading > Landscape Rakes,4' Landscape Rake,,,17,25,,,,,,3-Point Hitch,Cat 1,,48,175,,,,,badboy-landscape-rakes-4-landscape-rake,,
BB-038,Bad Boy,Implements,Dirt work & grading > Landscape Rakes,5' Landscape Rake,,,17,40,,,,,,3-Point Hitch,Cat 1,,60,201,,,,,badboy-landscape-rakes-5-landscape-rake,,
BB-039,Bad Boy,Implements,Dirt work & grading > Landscape Rakes,6' Landscape Rake,,,20,40,,,,,,3-Point Hitch,Cat 1,,72,227,,,,,badboy-landscape-rakes-6-landscape-rake,,
BB-040,Bad Boy,Implements,Dirt work & grading > Landscape Rakes,7' Landscape Rake,,,20,40,,,,,,3-Point Hitch,Cat 1,,84,254,,,,,badboy-landscape-rakes-7-landscape-rake,,
BB-041,Bad Boy,Implements,Cutting & mowing > Mid-Mount Mower Deck,"1025H 60"" Mid-Mount Mower Deck",,,,,,,,,,Mid-Mount,,,60,350,,,,,badboy-mid-mount-mower-deck-1025h-60-mid-mount-mower-deck,,PTO speed: 2000 RPM; 2000 RPM
BB-042,Bad Boy,Implements,Cutting & mowing > Mid-Mount Mower Deck,"1022 54"" Mid-Mount Mower Deck",,,,,,,,,,Mid-Mount,,,54,,,,,,badboy-mid-mount-mower-deck-1022-54-mid-mount-mower-deck,,PTO speed: 2000 RPM; 2000 RPM
BB-043,Bad Boy,Implements,Spreading & seeding > Spreaders,Pull-Behind Spreader,,,,,,,,,,Pull-Behind,,,,,,,,,badboy-spreaders-pull-behind-spreader,,
BB-044,Bad Boy,Implements,Spreading & seeding > Spreaders,3-Point Hitch Spreader,,,,,,,,,,3-Point Hitch,Cat 1,,,,,,,,badboy-spreaders-3-point-hitch-spreader,,PTO speed: 540 RPM PTO; 540 RPM PTO
BB-045,Bad Boy,Implements,Snow > Snow Pusher,5' Snow Pusher,,,,,,,,,,Front Loader QA,,,60,470,,,,,badboy-snow-pusher-5-snow-pusher,,
BB-046,Bad Boy,Implements,Snow > Snow Pusher,6' Snow Pusher,,,,,,,,,,Front Loader QA,,,72,510,,,,,badboy-snow-pusher-6-snow-pusher,,
BB-047,Bad Boy,Implements,Snow > Snow Pusher,7' Snow Pusher,,,,,,,,,,Front Loader QA,,,84,545,,,,,badboy-snow-pusher-7-snow-pusher,,
BB-048,Bad Boy,Implements,Cutting & mowing > Finish Mower,5' Finish Mower,,,15.4,,,,,,,3-Point Hitch,Cat 1,,60,632,,,,,badboy-finish-mower-5-finish-mower,,minimum HP
BB-049,Bad Boy,Implements,Cutting & mowing > Finish Mower,6' Finish Mower,,,18.0,,,,,,,3-Point Hitch,Cat 1/Cat 2,,72,780,,,,,badboy-finish-mower-6-finish-mower,,minimum HP
BB-050,Bad Boy,Implements,Cutting & mowing > Finish Mower,7' Finish Mower,,,29.5,,,,,,,3-Point Hitch,Cat 1/Cat 2,,84,931,,,,,badboy-finish-mower-7-finish-mower,,minimum HP
CID-001,CID,Implements,Material handling > Front Grapples,"60"" Economy Root Grapple - Dual Cylinder",,,,,,,,,,Front Loader QA,,,60,450,,ERG60,https://cdn.bfldr.com/71PUUW3G/at/6f3tkw5n9fkfqhnbqmxgjvf/cid-mini-skid-steer-root-grapple-sideways__49254.png,https://cidattachments.com/tractor-economy-root-grapple/,cid-root-grapple-erg60,,
CID-002,CID,Implements,Material handling > Front Grapples,"72"" Economy Root Grapple - Dual Cylinder",,,,,,,,,,Front Loader QA,,,72,509,,ERG72,https://cdn.bfldr.com/71PUUW3G/at/6f3tkw5n9fkfqhnbqmxgjvf/cid-mini-skid-steer-root-grapple-sideways__49254.png,https://cidattachments.com/tractor-economy-root-grapple/,cid-root-grapple-erg72,,Same page as ERG60
CID-003,CID,Implements,Material handling > Front Grapples,"48"" Single Cylinder Grapple Rake",,,,,,,,,,Front Loader QA,,,48,,,CTGR48,https://cdn.bfldr.com/71PUUW3G/at/p33cpr24xqp949crxq3r8jfb/compact-tractor-grapple-rake-dual-cylinder.png,https://cidattachments.com/compact-tractor-skid-steer-grapple-rake/,cid-grapple-rake-ctgr48,,
CID-004,CID,Implements,Material handling > Front Grapples,"60"" Single Cylinder Grapple Rake",,,,,,,,,,Front Loader QA,,,60,,,CTGR60,https://cdn.bfldr.com/71PUUW3G/at/p33cpr24xqp949crxq3r8jfb/compact-tractor-grapple-rake-dual-cylinder.png,https://cidattachments.com/compact-tractor-skid-steer-grapple-rake/,cid-grapple-rake-ctgr60,,
CID-005,CID,Implements,Material handling > Front Grapples,"66"" Single Cylinder Grapple Rake",,,,,,,,,,Front Loader QA,,,66,,,CTGR66,https://cdn.bfldr.com/71PUUW3G/at/p33cpr24xqp949crxq3r8jfb/compact-tractor-grapple-rake-dual-cylinder.png,https://cidattachments.com/compact-tractor-skid-steer-grapple-rake/,cid-grapple-rake-ctgr66,,
CID-006,CID,Implements,Material handling > Front Grapples,"60"" Dual Cylinder Grapple Rake",,,,,,,,,,Front Loader QA,,,60,334,,CTGRDC60,https://cdn.bfldr.com/71PUUW3G/at/p33cpr24xqp949crxq3r8jfb/compact-tractor-grapple-rake-dual-cylinder.png,https://cidattachments.com/compact-tractor-skid-steer-grapple-rake/,cid-grapple-rake-ctgrdc60,,
CID-007,CID,Implements,Material handling > Front Grapples,"72"" Dual Cylinder Grapple Rake",,,,,,,,,,Front Loader QA,,,72,378,,CTGRDC72,https://cdn.bfldr.com/71PUUW3G/at/p33cpr24xqp949crxq3r8jfb/compact-tractor-grapple-rake-dual-cylinder.png,https://cidattachments.com/compact-tractor-skid-steer-grapple-rake/,cid-grapple-rake-ctgrdc72,,
CID-008,CID,Implements,Material handling > Front Grapples,"66"" Standard Grapple Rake",,,,,,,,,,Front Loader QA,,,66,487,,ARSGR66,https://cdn.bfldr.com/71PUUW3G/at/x49tfm3r466w744943gr96r/CID-Standard-Duty-AR-Grapple-Rake_3.png,https://cidattachments.com/skid-steer-standard-duty-grapple-rake/,cid-grapple-rake-arsgr66,,
CID-009,CID,Implements,Material handling > Front Grapples,"72"" Standard Grapple Rake",,,,,,,,,,Front Loader QA,,,72,550,,ARSGR72,https://cdn.bfldr.com/71PUUW3G/at/x49tfm3r466w744943gr96r/CID-Standard-Duty-AR-Grapple-Rake_3.png,https://cidattachments.com/skid-steer-standard-duty-grapple-rake/,cid-grapple-rake-arsgr72,,Same page as ARSGR66
CID-010,CID,Implements,Material handling > Forks & Hitches,Low Back Hay Spear - Single,,,,,,,,,,Front Loader QA,,,,,,LBHS,https://cdn.bfldr.com/71PUUW3G/at/nhmxmp4h58w3pxmbtfcxmq9g/skid-steer-bale-spear-single-CID__1.png,https://cidattachments.com/skid-steer-single-low-back-hay-spear/,cid-hay-spear-lbhs,,
CID-011,CID,Implements,Material handling > Forks & Hitches,Double Low Back Hay Spear,,,,,,,,,,Front Loader QA,,,,,,DLBHS-S,https://cdn.bfldr.com/71PUUW3G/at/g7g9h5t2cgw3xx5bhjwh5jm/Double_Low_Back_Hay_Spear.png,https://cidattachments.com/skid-steer-double-low-back-hay-spear/,cid-hay-spear-dlbhs-s,,
CID-012,CID,Implements,Material handling > Forks & Hitches,Triple Low Back Hay Spear,,,,,,,,,,Front Loader QA,,,,,,TLBHS,https://cdn.bfldr.com/71PUUW3G/at/4wftgff5ww5qfnhncmsj5b7/cid-skid-steer-triple-low-back-hay-spear.png,https://cidattachments.com/skid-steer-triple-low-back-hay-spear/,cid-hay-spear-tlbhs,,
CID-013,CID,Implements,Material handling > Forks & Hitches,Quad Low Back Hay Spear,,,,,,,,,,Front Loader QA,,,,,,QUADLBHS-S,https://cdn.bfldr.com/71PUUW3G/at/mtbvg9wb57bmrmjv3fpfwhvx/Quad-Hayspear-new-placement.jpg,https://cidattachments.com/skid-steer-quadruple-hay-spear/,cid-hay-spear-quadlbhs-s,,
CID-014,CID,Implements,Material handling > Forks & Hitches,"Forks & Frame - 2,000lb",,,,,,,,,,Front Loader QA,,,,,,CTFF,https://cdn.bfldr.com/71PUUW3G/at/s3mzwprp6f76s334vfhsftb/Compact_Tractor_Pallet_Forks_and_Frame_-_CID.png,https://cidattachments.com/compact-tractor-pallet-forks/,cid-pallet-forks-ctff,,
CID-015,CID,Implements,Material handling > Forks & Hitches,"JD Forks & Frame - 2,000lb",,,,,,,,,,Front Loader QA,,,,,,CTFF-JD,https://cdn.bfldr.com/71PUUW3G/at/s3mzwprp6f76s334vfhsftb/Compact_Tractor_Pallet_Forks_and_Frame_-_CID.png,https://cidattachments.com/compact-tractor-pallet-forks/,cid-pallet-forks-ctff-jd,,Same page as CTFF - JD mount option
CID-016,CID,Implements,Material handling > Forks & Hitches,"Forks & Frame - 3,000lb",,,,,,,,,,Front Loader QA,,,,,,SDFF,https://cdn.bfldr.com/71PUUW3G/at/4nbkxwbwcz2msfvn2vrm8p/CID-Skid-Steer-Standard-Pallet-Forks-Frame.png,https://cidattachments.com/skid-steer-standard-duty-pallet-forks/,cid-pallet-forks-sdff,,Site uses SDFRAME - verify SKU
CID-017,CID,Implements,Material handling > Forks & Hitches,"48"" Forks - 4,000lb",,,,,,,,,,Front Loader QA,,Heavy-Duty,48,,,HDFF,https://cdn.bfldr.com/71PUUW3G/at/w4c6tx78vgpx99n6xqvbm2z/light_duty_pallet_forks_and_frame_HiRes.png,https://cidattachments.com/skid-steer-heavy-duty-pallet-forks/,cid-pallet-forks-hdff,,Site uses HDFRAME - verify SKU
CID-018,CID,Implements,Material handling > Forks & Hitches,"48"" Forks - 5,500lb",,,,,,,,,,Front Loader QA,,Heavy-Duty,48,,,HDFF5500,https://cdn.bfldr.com/71PUUW3G/at/rjxjcf38f7kqnjqhnnqccgg9/cid-5500-capacity-pallet-fork-heavy-duty.png,https://cidattachments.com/skid-steer-5500-lbs-heavy-duty-pallet-forks/,cid-pallet-forks-hdff5500,,
CID-019,CID,Implements,Material handling > Rock Buckets,"60"" Rock Bucket",,,,,,,,,,Front Loader QA,,,60,,,CTRB60,https://cdn.bfldr.com/71PUUW3G/at/stbpczxfcmfj73ftp8b6t9m/cid-mini-skid-steer-rock-bucket-attachment__82146.png,https://cidattachments.com/compact-tractor-rock-buckets/,cid-rock-bucket-ctrb60,,
CID-020,CID,Implements,Material handling > Rock Buckets,"72"" Rock Bucket",,,,,,,,,,Front Loader QA,,,72,,,CTRB72,https://cdn.bfldr.com/71PUUW3G/at/stbpczxfcmfj73ftp8b6t9m/cid-mini-skid-steer-rock-bucket-attachment__82146.png,https://cidattachments.com/compact-tractor-rock-buckets/,cid-rock-bucket-ctrb72,,Same page as CTRB60
CID-021,CID,Implements,Material handling > Rock Buckets,"72"" Heavy Duty Rock Bucket",,,,,,,,,,Front Loader QA,,Heavy-Duty,72,,,HDRB72,https://cdn.bfldr.com/71PUUW3G/at/h3vvcs2wx5vxc4h6b5qp3nf4/HDRB66-66in-Rock-Bucket_00460.png,https://cidattachments.com/skid-steer-heavy-duty-rock-bucket/,cid-rock-bucket-hdrb72,,
CID-022,CID,Implements,Material handling > Front Grapples,"60"" Compact Tractor Rock Grapple",,,,,,,,,,Front Loader QA,,,60,,,CTROKG60,https://cdn.bfldr.com/71PUUW3G/at/bqgngcs8cjmxtpmhztfbj/Compact_tractor_Rock_Grapple.png,https://cidattachments.com/compact-tractor-rock-grapple/,cid-rock-grapple-ctrokg60,,
CID-023,CID,Implements,Material handling > Front Grapples,"72"" Compact Tractor Rock Grapple",,,,,,,,,,Front Loader QA,,,72,,,CTROKG72,https://cdn.bfldr.com/71PUUW3G/at/bqgngcs8cjmxtpmhztfbj/Compact_tractor_Rock_Grapple.png,https://cidattachments.com/compact-tractor-rock-grapple/,cid-rock-grapple-ctrokg72,,Same page as CTROKG60
CID-024,CID,Implements,Snow > Snow Pusher,"60"" Snow Pusher with Pull Back",,,,,,,,,,Front Loader QA,,,60,,,CTSPUSH60,https://cdn.bfldr.com/71PUUW3G/at/98tc8b758r4x5k5r289fqxz/Compact_Snow_Pusher_-_CID.png,https://cidattachments.com/compact-tractor-snow-pusher/,cid-snow-pusher-ctspush60,,
CID-025,CID,Implements,Snow > Snow Pusher,"72"" Snow Pusher with Pull Back",,,,,,,,,,Front Loader QA,,,72,,,CTSPUSH72,https://cdn.bfldr.com/71PUUW3G/at/svg35qw54mcwzkkpsmksjqc/X-Treme_Snow_Pusher_-_CID.png,https://cidattachments.com/skid-steer-xtreme-snow-pusher/,cid-snow-pusher-ctspush72,,"Verify SKU - CT line caps at 60"""
CID-026,CID,Implements,Snow > Snow Pusher,"84"" Snow Pusher with Pull Back",,,,,,,,,,Front Loader QA,,,84,,,CTSPUSH84,https://cdn.bfldr.com/71PUUW3G/at/svg35qw54mcwzkkpsmksjqc/X-Treme_Snow_Pusher_-_CID.png,https://cidattachments.com/skid-steer-xtreme-snow-pusher/,cid-snow-pusher-ctspush84,,"Verify SKU - CT line caps at 60"""
CID-027,CID,Implements,Snow > Snow Pusher,"96"" Snow Pusher with Pull Back",,,,,,,,,,Front Loader QA,,,96,,,CTSPUSH96,https://cdn.bfldr.com/71PUUW3G/at/svg35qw54mcwzkkpsmksjqc/X-Treme_Snow_Pusher_-_CID.png,https://cidattachments.com/skid-steer-xtreme-snow-pusher/,cid-snow-pusher-ctspush96,,"Verify SKU - CT line caps at 60"""
CID-028,CID,Implements,Snow > Snow Plows,"Hydraulic Snow Plow 60""",,,,,,,,,,Front Loader QA,,,,,,CTSPLOW60,https://cdn.bfldr.com/71PUUW3G/at/4q598rbqwwgn9kfwpbmmq3g/CID_Compact_Tractor_Hydraulic_Snow_Plow.png,https://cidattachments.com/compact-tractor-hydraulic-snow-plow/,cid-snow-plow-ctsplow60,,"CT plow only goes to 54"" on site - verify"
CID-029,CID,Implements,Snow > Snow Plows,"Hydraulic Snow Plow 72""",,,,,,,,,,Front Loader QA,,,,,,CTSPLOW72,https://cdn.bfldr.com/71PUUW3G/at/4q598rbqwwgn9kfwpbmmq3g/CID_Compact_Tractor_Hydraulic_Snow_Plow.png,https://cidattachments.com/compact-tractor-hydraulic-snow-plow/,cid-snow-plow-ctsplow72,,"CT plow only goes to 54"" on site - verify"
CID-030,CID,Implements,Snow > Snow Plows,"Hydraulic Snow Plow 84""",,,,,,,,,,Front Loader QA,,,,,,CTSPLOW84,https://cdn.bfldr.com/71PUUW3G/at/4q598rbqwwgn9kfwpbmmq3g/CID_Compact_Tractor_Hydraulic_Snow_Plow.png,https://cidattachments.com/compact-tractor-hydraulic-snow-plow/,cid-snow-plow-ctsplow84,,"CT plow only goes to 54"" on site - verify"
CID-031,CID,Implements,Snow > Snow Plows,"Hydraulic Snow Plow 96""",,,,,,,,,,Front Loader QA,,,,,,CTSPLOW96,https://cdn.bfldr.com/71PUUW3G/at/4q598rbqwwgn9kfwpbmmq3g/CID_Compact_Tractor_Hydraulic_Snow_Plow.png,https://cidattachments.com/compact-tractor-hydraulic-snow-plow/,cid-snow-plow-ctsplow96,,"CT plow only goes to 54"" on site - verify"
CID-032,CID,Implements,Snow > Snow Plows,"Heavy Duty Hydraulic Snow Plow 84""",,,,,,,,,,Front Loader QA,,Heavy-Duty,,,,HDSPLOW84,https://cdn.bfldr.com/71PUUW3G/at/6mtt7c47c3twncnm4qbqmvv6/Heavy_Duty_Snow_Plow-e1707860566545.png,https://cidattachments.com/skid-steer-heavy-duty-snow-plow/,cid-snow-plow-hdsplow84,,
