Publish,Brand,Category,Category Slug,Product Family,Family ID,Product Name,Model/SKU,In Stock,On Order,Mount / Hitch,Working Width (in.),Overall Width (in.),Height (in.),Length / Depth (in.),Weight (lb.),Capacity (lb.),HP Min,HP Max,PTO RPM,Key Specs,Short Description,Primary Image URL,Image Source Page,Manual / Catalog URL,Source Type,Research Status,QA Notes,Product Slug
Yes,Braber,Ballast Boxes,ballast-boxes,Rear Ballast Box,braber-rear-ballast-box,Category 1 Rear Ballast Box,BE-RWB1,1,,3-Point Cat 1,,,,,,575,,,,3.67 cu. ft. volume; 575 lb. rated total capacity; quick-hitch compatible,Braber Category 1 Rear Ballast Box for 3-Point Cat 1. 3.67 cu. ft. volume; 575 lb. rated total capacity; quick-hitch compatible.,,https://www.brabereq.com/rear-weight-box-be-rwb1,https://farmerscoop.ca/wp-content/uploads/Agriease-Catalog-2025_Non-Priced-Small.pdf,Official product page and catalog,Verified — official catalog/manual,Manufacturer product/source page contains imagery; direct asset URL was not captured in this research pass.,braber-be-rwb1
Yes,Braber,Box Blades,box-blades,Standard Box Blade,braber-standard-box-blade,60 in. Standard Box Blade,BE-BBR5N,7,,3-Point Cat 1,60,,,,440,,,50,,17 in. moldboard height; replaceable/reversible cutting edges,Braber 60 in. Standard Box Blade for 3-Point Cat 1. 17 in. moldboard height; replaceable/reversible cutting edges.,https://d163axztg8am2h.cloudfront.net/static/img/d2/92/9ba6e02943409a02eb7bbe7fea5c.webp,https://www.brabereq.com/5ft-box-blade-be-bbr5n,https://farmerscoop.ca/wp-content/uploads/Agriease-Catalog-2025_Non-Priced-Small.pdf,Official product page and catalog,Verified — official page,Current product page lists 440 lb.; 2025 catalog lists 446 lb.,braber-be-bbr5n
Yes,Braber,Box Blades,box-blades,Standard Box Blade,braber-standard-box-blade,72 in. Standard Box Blade,BE-BBR6N,7,,3-Point Cat 1,72,,,,485,,,50,,17 in. moldboard height; replaceable/reversible cutting edges,Braber 72 in. Standard Box Blade for 3-Point Cat 1. 17 in. moldboard height; replaceable/reversible cutting edges.,https://d163axztg8am2h.cloudfront.net/static/img/d2/92/9ba6e02943409a02eb7bbe7fea5c.webp,https://www.brabereq.com/6ft-box-blade-be-bbr6n,https://farmerscoop.ca/wp-content/uploads/Agriease-Catalog-2025_Non-Priced-Small.pdf,Official product page and catalog,Verified — official page,,braber-be-bbr6n
Yes,Braber,Box Blades,box-blades,Standard Box Blade,braber-standard-box-blade,84 in. Standard Box Blade,BE-BBR7N,0,,3-Point Cat 1,84,,,,584,,,50,,17 in. moldboard height; replaceable/reversible cutting edges,Braber 84 in. Standard Box Blade for 3-Point Cat 1. 17 in. moldboard height; replaceable/reversible cutting edges.,https://d163axztg8am2h.cloudfront.net/static/img/d2/92/9ba6e02943409a02eb7bbe7fea5c.webp,https://www.brabereq.com/7ft-box-blade-be-bbr7n,https://farmerscoop.ca/wp-content/uploads/Agriease-Catalog-2025_Non-Priced-Small.pdf,Official product page and catalog,Verified — official page,,braber-be-bbr7n
Yes,Braber,Box Blades,box-blades,Subcompact Box Blade,braber-subcompact-box-blade,48 in. Subcompact Box Blade,BE-BBC48N,0,,3-Point Cat 1,48,,,,277,,,25,,4 shanks; approximately 7 cu. ft. capacity; quick-hitch compatible,Braber 48 in. Subcompact Box Blade for 3-Point Cat 1. 4 shanks; approximately 7 cu. ft. capacity; quick-hitch compatible.,https://d163axztg8am2h.cloudfront.net/static/img/18/db/23740277f991d27132b69916eae9.webp,https://www.brabereq.com/48-sub-compact-box-blade-be-bbc48n,https://farmerscoop.ca/wp-content/uploads/Agriease-Catalog-2025_Non-Priced-Small.pdf,Official product page and catalog,Verified — official page,,braber-be-bbc48n
Yes,Bad Boy,Disc Harrows,disc-harrows,Bad Boy Disc Harrow,bad-boy-bad-boy-disc-harrow,48 in. Disc Harrow,BBDH48O,1,,3-Point Cat 1,48,,,,402,,,,,16 in. disc blades; 7.5 in. disc spacing; 1 in. gang axle,Bad Boy 48 in. Disc Harrow for 3-Point Cat 1. 16 in. disc blades; 7.5 in. disc spacing; 1 in. gang axle.,,https://badboycountry.com/images/manuals/2023_manuals/BBM_MANUAL_Disc_Harrow_2023.pdf,https://badboycountry.com/images/manuals/2023_manuals/BBM_MANUAL_Disc_Harrow_2023.pdf,Official manufacturer manual,Verified — official catalog/manual,Manufacturer product/source page contains imagery; direct asset URL was not captured in this research pass.,bad-boy-bbdh48o
Yes,Bad Boy,Disc Harrows,disc-harrows,Bad Boy Disc Harrow,bad-boy-bad-boy-disc-harrow,60 in. Disc Harrow,BBDH60O,1,,3-Point Cat 1,60,,,,449,,,,,16 in. disc blades; 7.5 in. disc spacing; 1 in. gang axle,Bad Boy 60 in. Disc Harrow for 3-Point Cat 1. 16 in. disc blades; 7.5 in. disc spacing; 1 in. gang axle.,,https://badboycountry.com/images/manuals/2023_manuals/BBM_MANUAL_Disc_Harrow_2023.pdf,https://badboycountry.com/images/manuals/2023_manuals/BBM_MANUAL_Disc_Harrow_2023.pdf,Official manufacturer manual,Verified — official catalog/manual,Manufacturer product/source page contains imagery; direct asset URL was not captured in this research pass.,bad-boy-bbdh60o
Yes,Ironcraft,Flex-Wing Cutters,flex-wing-cutters,2510 Flex-Wing Cutter,ironcraft-2510-flex-wing-cutter,10 ft. Flex-Wing Cutter with Aircraft Tires,2510-IC-4AT-GR,10%Dep,,Pull-type / PTO,123,132,,,2400,,25,60,540,96.5 in. transport width; 1.75–11.5 in. cut height; up to 2 in. cutting capacity,Ironcraft 10 ft. Flex-Wing Cutter with Aircraft Tires for Pull-type / PTO. 96.5 in. transport width; 1.75–11.5 in. cut height; up to 2 in. cutting capacity.,https://cdn.bfldr.com/71PUUW3G/as/cxphx269hbh89g96hgx67n7/DSC00674?auto=webp&format=png,https://www.ironcraftusa.com/2510-flex-wing-cutter/,,Manufacturer site — option/suffix mapping,Legacy SKU — mapped,"Inventory quantity field contains '10%Dep'; treated as deposit/special-order status, not a stock count.",ironcraft-2510-ic-4at-gr
Yes,CID,Grapple Rakes,grapple-rakes,Compact Tractor Grapple Rake,cid-compact-tractor-grapple-rake,48 in. Compact Grapple Rake — Single Cylinder,CTGR48,1,,Universal skid steer quick attach,48,,,,277,,,40,,33 in. opening; 17 in. tine length; 2 x 6 in. cylinder,CID 48 in. Compact Grapple Rake — Single Cylinder for Universal skid steer quick attach. 33 in. opening; 17 in. tine length; 2 x 6 in. cylinder.,,https://cidattachments.com/compact-tractor-skid-steer-grapple-rake/,,Official product page,Verified — official page,Manufacturer product/source page contains imagery; direct asset URL was not captured in this research pass.,cid-ctgr48
Yes,CID,Grapple Rakes,grapple-rakes,Compact Tractor Grapple Rake,cid-compact-tractor-grapple-rake,60 in. Compact Grapple Rake — Single Cylinder,CTGR60,2,,Universal skid steer quick attach,60,,,,334,,,40,,33 in. opening; 17 in. tine length; 2 x 6 in. cylinder,CID 60 in. Compact Grapple Rake — Single Cylinder for Universal skid steer quick attach. 33 in. opening; 17 in. tine length; 2 x 6 in. cylinder.,,https://cidattachments.com/compact-tractor-skid-steer-grapple-rake/,,Official product page,Verified — official page,Manufacturer product/source page contains imagery; direct asset URL was not captured in this research pass.,cid-ctgr60
Yes,CID,Grapple Rakes,grapple-rakes,Compact Tractor Grapple Rake,cid-compact-tractor-grapple-rake,66 in. Compact Grapple Rake — Single Cylinder,CTGR66,2,,Universal skid steer quick attach,66,,,,342,,,40,,33 in. opening; 17 in. tine length; 2 x 6 in. cylinder,CID 66 in. Compact Grapple Rake — Single Cylinder for Universal skid steer quick attach. 33 in. opening; 17 in. tine length; 2 x 6 in. cylinder.,,https://cidattachments.com/compact-tractor-skid-steer-grapple-rake/,,Official product page,Verified — official page,Manufacturer product/source page contains imagery; direct asset URL was not captured in this research pass.,cid-ctgr66
Yes,CID,Grapple Rakes,grapple-rakes,Compact Tractor Grapple Rake,cid-compact-tractor-grapple-rake,60 in. Compact Grapple Rake — Dual Cylinder,CTGRDC60,2,,Universal skid steer quick attach,60,,,,345,,,40,,33 in. opening; 17 in. tine length; 2 x 6 in. cylinder,CID 60 in. Compact Grapple Rake — Dual Cylinder for Universal skid steer quick attach. 33 in. opening; 17 in. tine length; 2 x 6 in. cylinder.,,https://cidattachments.com/compact-tractor-skid-steer-grapple-rake/,,Official product page,Verified — official page,Current official dual-cylinder weight is 345 lb.; inventory description lists 334 lb. Manufacturer product/source page contains imagery; direct asset URL was not captured in this research pass.,cid-ctgrdc60
Yes,CID,Grapple Rakes,grapple-rakes,Compact Tractor Grapple Rake,cid-compact-tractor-grapple-rake,72 in. Compact Grapple Rake — Dual Cylinder,CTGRDC72,3,,Universal skid steer quick attach,72,,,,385,,,40,,33 in. opening; 17 in. tine length; 2 x 6 in. cylinder,CID 72 in. Compact Grapple Rake — Dual Cylinder for Universal skid steer quick attach. 33 in. opening; 17 in. tine length; 2 x 6 in. cylinder.,,https://cidattachments.com/compact-tractor-skid-steer-grapple-rake/,,Official product page,Verified — official page,Current official dual-cylinder weight is 385 lb.; inventory description lists 378 lb. Manufacturer product/source page contains imagery; direct asset URL was not captured in this research pass.,cid-ctgrdc72
Yes,CID,Grapple Rakes,grapple-rakes,Standard-Duty Grapple Rake,cid-standard-duty-grapple-rake,66 in. Standard-Duty Grapple Rake,ARSGR66,3,,Universal skid steer quick attach,66,,,,455,,35,60,,42 in. opening; 17 in. tine length; 3/8 in. AR400 tines,CID 66 in. Standard-Duty Grapple Rake for Universal skid steer quick attach. 42 in. opening; 17 in. tine length; 3/8 in. AR400 tines.,,https://cidattachments.com/skid-steer-standard-duty-grapple-rake/,,Official product page,Verified — official page,Current official weight is 455 lb.; inventory description lists 487 lb. Manufacturer product/source page contains imagery; direct asset URL was not captured in this research pass.,cid-arsgr66
Yes,CID,Grapple Rakes,grapple-rakes,Standard-Duty Grapple Rake,cid-standard-duty-grapple-rake,72 in. Standard-Duty Grapple Rake,ARSGR72,2,,Universal skid steer quick attach,72,,,,550,,35,60,,42 in. opening; 17 in. tine length; 3/8 in. AR400 tines,CID 72 in. Standard-Duty Grapple Rake for Universal skid steer quick attach. 42 in. opening; 17 in. tine length; 3/8 in. AR400 tines.,,https://cidattachments.com/skid-steer-standard-duty-grapple-rake/,,Official product page,Verified — official page,Manufacturer product/source page contains imagery; direct asset URL was not captured in this research pass.,cid-arsgr72
Yes,Braber,Hay Spears,hay-spears,3-Point Bale Spear,braber-3-point-bale-spear,3-Point Bale Spear,BE-BS3PTN,2,,3-Point Cat 1,,,,39,,,,,,39 in. replaceable main spear; two stabilizer spears,Braber 3-Point Bale Spear for 3-Point Cat 1. 39 in. replaceable main spear; two stabilizer spears.,,https://www.brabereq.com/3-point-hitch-bale-spear-be-bs3ptn,https://farmerscoop.ca/wp-content/uploads/Agriease-Catalog-2025_Non-Priced-Small.pdf,Official product page,Verified — official page,Manufacturer product/source page contains imagery; direct asset URL was not captured in this research pass.,braber-be-bs3ptn
Yes,Braber,Hay Spears,hay-spears,Bucket-Mount Bale Spears,braber-bucket-mount-bale-spears,Bucket-Mount Single Bale Spear with Chain,BE-BSBM1N,3,,Bucket clamp / chain,,,,40,105,,,,,Bucket-mounted design with safety chain,Braber Bucket-Mount Single Bale Spear with Chain for Bucket clamp / chain. Bucket-mounted design with safety chain.,,https://www.brabereq.com/single-prong-bale-spear-with-chain-be-bsbm1n,https://farmerscoop.ca/wp-content/uploads/Agriease-Catalog-2025_Non-Priced-Small.pdf,Manufacturer site — legacy variant mapping,Legacy SKU — mapped,Current page may display suffix G; confirm stock label before publishing. Manufacturer product/source page contains imagery; direct asset URL was not captured in this research pass.,braber-be-bsbm1n
Review,Braber,Hay Spears,hay-spears,Bucket-Mount Bale Spears,braber-bucket-mount-bale-spears,Bucket-Mount Double Bale Spear with Chain,BE-BSBM2G,3,,Bucket clamp / chain,,,,,,,,,,Bucket-mounted design with safety chain,Braber Bucket-Mount Double Bale Spear with Chain for Bucket clamp / chain. Bucket-mounted design with safety chain.,,https://www.brabereq.com/whole-goods-hay-equipment-bale-spears,https://farmerscoop.ca/wp-content/uploads/Agriease-Catalog-2025_Non-Priced-Small.pdf,Manufacturer category page only,Needs dealer confirmation,"Confirm exact dimensions, weight, capacity, and current product image. Manufacturer product/source page contains imagery; direct asset URL was not captured in this research pass.",braber-be-bsbm2g
Yes,Braber,Hay Spears,hay-spears,Replacement Bale Spear,braber-replacement-bale-spear,Replacement Spear for BSS49BO500G,BE-60.000.005,1,,Replacement part,,,,49,,,,,,Replacement spear for BSS49BO500G,Braber Replacement Spear for BSS49BO500G for Replacement part. Replacement spear for BSS49BO500G.,,https://www.brabereq.com/whole-goods-hay-equipment-bale-spears,https://farmerscoop.ca/wp-content/uploads/Agriease-Catalog-2025_Non-Priced-Small.pdf,Official manufacturer catalog,Verified — official catalog/manual,Manufacturer product/source page contains imagery; direct asset URL was not captured in this research pass.,braber-be-60-000-005
Yes,Braber,Hay Spears,hay-spears,Skid-Steer Single Bale Spear,braber-skid-steer-single-bale-spear,49 in. Single-Prong Bale Spear,BE-BSS49BO500G,0,,Universal skid steer quick attach,,,,49,150,2000,,,,49 in. replaceable spear; approximately 44 in. usable length,Braber 49 in. Single-Prong Bale Spear for Universal skid steer quick attach. 49 in. replaceable spear; approximately 44 in. usable length.,,https://www.brabereq.com/single-prong-bale-spear-be-bss49bo500g,https://farmerscoop.ca/wp-content/uploads/Agriease-Catalog-2025_Non-Priced-Small.pdf,Official product page and catalog,Verified — official catalog/manual,Manufacturer product/source page contains imagery; direct asset URL was not captured in this research pass.,braber-be-bss49bo500g
Yes,Braber,Hay Spears,hay-spears,Skid-Steer Triple Bale Spear,braber-skid-steer-triple-bale-spear,49 in. Triple-Prong Bale Spear,BE-BST49BO500G,0,,Universal skid steer quick attach,,,,49,154,2000,,,,49 in. center spear; two stabilizer spears,Braber 49 in. Triple-Prong Bale Spear for Universal skid steer quick attach. 49 in. center spear; two stabilizer spears.,,https://www.brabereq.com/triple-prong-bale-spear-be-bst49bo500g,https://farmerscoop.ca/wp-content/uploads/Agriease-Catalog-2025_Non-Priced-Small.pdf,Official product page and catalog,Verified — official page,Manufacturer product/source page contains imagery; direct asset URL was not captured in this research pass.,braber-be-bst49bo500g
Yes,CID,Hay Spears,hay-spears,Low-Back Double Hay Spear,cid-low-back-double-hay-spear,Low-Back Double Hay Spear,DLBHS-S,2,,Universal skid steer quick attach,45,,23,,203,3500,,,,Two 42 in. spears; 32 in. option,CID Low-Back Double Hay Spear for Universal skid steer quick attach. Two 42 in. spears; 32 in. option.,,https://cidattachments.com/skid-steer-double-low-back-hay-spear/,,Manufacturer site — legacy suffix mapping,Legacy SKU — mapped,Inventory -S suffix mapped to current DLBHS family. Manufacturer product/source page contains imagery; direct asset URL was not captured in this research pass.,cid-dlbhs-s
Review,CID,Hay Spears,hay-spears,Low-Back Quad Hay Spear,cid-low-back-quad-hay-spear,Low-Back Quad Hay Spear,QUADLBHS-S,1,,Universal skid steer quick attach,,,,,,,,,,Legacy dealer SKU; exact current specification not located,CID Low-Back Quad Hay Spear for Universal skid steer quick attach. Legacy dealer SKU; exact current specification not located.,,https://cidattachments.com/skid-steer-hay-spears/,,Manufacturer category page only,Needs dealer confirmation,"Confirm exact current model, capacity, dimensions, weight, and image before publishing. Manufacturer product/source page contains imagery; direct asset URL was not captured in this research pass.",cid-quadlbhs-s
Yes,CID,Hay Spears,hay-spears,Low-Back Single Hay Spear,cid-low-back-single-hay-spear,Low-Back Single Hay Spear,LBHS,3,,Universal skid steer quick attach,45,,19,,186,2800,,,,43 in. main spear; 10 in. stabilizer spear,CID Low-Back Single Hay Spear for Universal skid steer quick attach. 43 in. main spear; 10 in. stabilizer spear.,,https://cidattachments.com/skid-steer-single-low-back-hay-spear/,,Official product page,Verified — official page,Manufacturer product/source page contains imagery; direct asset URL was not captured in this research pass.,cid-lbhs
Yes,CID,Hay Spears,hay-spears,Low-Back Triple Hay Spear,cid-low-back-triple-hay-spear,Low-Back Triple Hay Spear,TLBHS,2,,Universal skid steer quick attach,45,,23,,233,,,,,Three 32 or 42 in. spear configuration,CID Low-Back Triple Hay Spear for Universal skid steer quick attach. Three 32 or 42 in. spear configuration.,,https://cidattachments.com/skid-steer-triple-low-back-hay-spear/,,Official product page,Verified — official page,Manufacturer product/source page contains imagery; direct asset URL was not captured in this research pass.,cid-tlbhs
Review,Ironcraft,Hay Spears,hay-spears,John Deere-Mount Hay Spears,ironcraft-john-deere-mount-hay-spears,John Deere High-Back Single Hay Spear,JDHBHS,0,,John Deere quick attach,,,,,,,,,,Legacy dealer SKU; exact current manufacturer specification not located,Ironcraft John Deere High-Back Single Hay Spear for John Deere quick attach. Legacy dealer SKU; exact current manufacturer specification not located.,,https://www.ironcraftusa.com/agriculture/,,Manufacturer category page only,Needs dealer confirmation,"Confirm model, capacity, weight, and current product image with IronCraft before publishing. Manufacturer product/source page contains imagery; direct asset URL was not captured in this research pass.",ironcraft-jdhbhs
Review,Ironcraft,Hay Spears,hay-spears,John Deere-Mount Hay Spears,ironcraft-john-deere-mount-hay-spears,John Deere Low-Back Triple Hay Spear,JDTLBHS,0,,John Deere quick attach,,,,,,,,,,Legacy dealer SKU; exact current manufacturer specification not located,Ironcraft John Deere Low-Back Triple Hay Spear for John Deere quick attach. Legacy dealer SKU; exact current manufacturer specification not located.,,https://www.ironcraftusa.com/agriculture/,,Manufacturer category page only,Needs dealer confirmation,"Confirm model, capacity, weight, and current product image with IronCraft before publishing. Manufacturer product/source page contains imagery; direct asset URL was not captured in this research pass.",ironcraft-jdtlbhs
Yes,Braber,Heavy-Duty Box Blades,heavy-duty-box-blades,Heavy-Duty Deluxe Box Blade,braber-heavy-duty-deluxe-box-blade,72 in. Heavy-Duty Deluxe Box Blade,BE-BBR6ND,8,,3-Point Cat 1,72,,,,558,,,50,,17 in. moldboard height; replaceable/reversible cutting edges,Braber 72 in. Heavy-Duty Deluxe Box Blade for 3-Point Cat 1. 17 in. moldboard height; replaceable/reversible cutting edges.,https://d163axztg8am2h.cloudfront.net/static/img/30/88/3c46edbf1a6c59a515121a0aa016.webp,https://www.brabereq.com/6ft-heavy-duty-box-blade-be-bbr6nd,https://farmerscoop.ca/wp-content/uploads/Agriease-Catalog-2025_Non-Priced-Small.pdf,Official product page and catalog,Verified — official page,,braber-be-bbr6nd
Yes,Braber,Heavy-Duty Box Blades,heavy-duty-box-blades,Heavy-Duty Deluxe Box Blade,braber-heavy-duty-deluxe-box-blade,84 in. Heavy-Duty Deluxe Box Blade,BE-BBR7ND,5,,3-Point Cat 1,84,,,,657,,,50,,17 in. moldboard height; replaceable/reversible cutting edges,Braber 84 in. Heavy-Duty Deluxe Box Blade for 3-Point Cat 1. 17 in. moldboard height; replaceable/reversible cutting edges.,https://d163axztg8am2h.cloudfront.net/static/img/30/88/3c46edbf1a6c59a515121a0aa016.webp,https://www.brabereq.com/7ft-heavy-duty-box-blade-be-bbr7nd,https://farmerscoop.ca/wp-content/uploads/Agriease-Catalog-2025_Non-Priced-Small.pdf,Official product page and catalog,Verified — official page,,braber-be-bbr7nd
Yes,Braber,Heavy-Duty Box Blades,heavy-duty-box-blades,Heavy-Duty Deluxe Box Blade,braber-heavy-duty-deluxe-box-blade,96 in. Heavy-Duty Deluxe Box Blade,BE-BBR8ND,0,,3-Point Cat 1,96,,,,690,,,50,,17 in. moldboard height; replaceable/reversible cutting edges,Braber 96 in. Heavy-Duty Deluxe Box Blade for 3-Point Cat 1. 17 in. moldboard height; replaceable/reversible cutting edges.,https://d163axztg8am2h.cloudfront.net/static/img/30/88/3c46edbf1a6c59a515121a0aa016.webp,https://www.brabereq.com/5ft-heavy-duty-box-blade-be-bbr8nd,https://farmerscoop.ca/wp-content/uploads/Agriease-Catalog-2025_Non-Priced-Small.pdf,Official product page and catalog,Verified — official page,,braber-be-bbr8nd
Yes,Ironcraft,Heavy-Duty Rear Blades,heavy-duty-rear-blades,4500 Series Heavy-Duty Offset Grader Blade,ironcraft-4500-series-heavy-duty-offset-grader-blade,72 in. Heavy-Duty Offset Grader Blade,4506-GR,2,,3-Point Cat 1 or 2,72,,17,,439,,45,75,,16 in. ratchet-jack offset; 5-position angle; 3-position tilt,Ironcraft 72 in. Heavy-Duty Offset Grader Blade for 3-Point Cat 1 or 2. 16 in. ratchet-jack offset; 5-position angle; 3-position tilt.,https://cdn.bfldr.com/71PUUW3G/at/t547rxw4mghfrmqg6s3frz/4500_Series_Heavy_Duty_Grater_Blade_2-Edit.png?auto=webp&format=jpg&height=532&width=800,https://www.ironcraftusa.com/4500-series-offset-grader-blades/,,Manufacturer site — legacy suffix mapping,Legacy SKU — mapped,Inventory -GR suffix mapped to current 4500 Series base model.,ironcraft-4506-gr
Yes,Ironcraft,Heavy-Duty Rear Blades,heavy-duty-rear-blades,4500 Series Heavy-Duty Offset Grader Blade,ironcraft-4500-series-heavy-duty-offset-grader-blade,84 in. Heavy-Duty Offset Grader Blade,4507-GR,3,,3-Point Cat 1 or 2,84,,17,,469,,50,75,,16 in. ratchet-jack offset; 5-position angle; 3-position tilt,Ironcraft 84 in. Heavy-Duty Offset Grader Blade for 3-Point Cat 1 or 2. 16 in. ratchet-jack offset; 5-position angle; 3-position tilt.,https://cdn.bfldr.com/71PUUW3G/at/t547rxw4mghfrmqg6s3frz/4500_Series_Heavy_Duty_Grater_Blade_2-Edit.png?auto=webp&format=jpg&height=532&width=800,https://www.ironcraftusa.com/4500-series-offset-grader-blades/,,Manufacturer site — legacy suffix mapping,Legacy SKU — mapped,Inventory -GR suffix mapped to current 4500 Series base model.,ironcraft-4507-gr
Yes,Ironcraft,Heavy-Duty Rear Blades,heavy-duty-rear-blades,4500 Series Heavy-Duty Offset Grader Blade,ironcraft-4500-series-heavy-duty-offset-grader-blade,96 in. Heavy-Duty Offset Grader Blade,4508-GR,0,,3-Point Cat 1 or 2,96,,17,,503,,55,75,,16 in. ratchet-jack offset; 5-position angle; 3-position tilt,Ironcraft 96 in. Heavy-Duty Offset Grader Blade for 3-Point Cat 1 or 2. 16 in. ratchet-jack offset; 5-position angle; 3-position tilt.,https://cdn.bfldr.com/71PUUW3G/at/t547rxw4mghfrmqg6s3frz/4500_Series_Heavy_Duty_Grater_Blade_2-Edit.png?auto=webp&format=jpg&height=532&width=800,https://www.ironcraftusa.com/4500-series-offset-grader-blades/,,Manufacturer site — legacy suffix mapping,Legacy SKU — mapped,Inventory -GR suffix mapped to current 4500 Series base model.,ironcraft-4508-gr
Yes,Braber,Land Planes,land-planes,Land Plane Grader Scraper,braber-land-plane-grader-scraper,60 in. Land Plane Grader Scraper,BE-GS05N,3,,3-Point Cat 1,60,,,,515,,20,45,,Dual cutting edges; scarifier shanks; quick-hitch compatible,Braber 60 in. Land Plane Grader Scraper for 3-Point Cat 1. Dual cutting edges; scarifier shanks; quick-hitch compatible.,,https://www.brabereq.com/box-grader-scraper-be-gs05n,https://farmerscoop.ca/wp-content/uploads/Agriease-Catalog-2025_Non-Priced-Small.pdf,Official product page and catalog,Verified — official catalog/manual,Manufacturer product/source page contains imagery; direct asset URL was not captured in this research pass.,braber-be-gs05n
Yes,Braber,Land Planes,land-planes,Land Plane Grader Scraper,braber-land-plane-grader-scraper,72 in. Land Plane Grader Scraper,BE-GS06N,5,,3-Point Cat 1,72,,,,605,,25,50,,Dual cutting edges; scarifier shanks; quick-hitch compatible,Braber 72 in. Land Plane Grader Scraper for 3-Point Cat 1. Dual cutting edges; scarifier shanks; quick-hitch compatible.,,https://www.brabereq.com/box-grader-scraper-be-gs06n,https://farmerscoop.ca/wp-content/uploads/Agriease-Catalog-2025_Non-Priced-Small.pdf,Official product page and catalog,Verified — official catalog/manual,Manufacturer product/source page contains imagery; direct asset URL was not captured in this research pass.,braber-be-gs06n
Yes,Braber,Land Planes,land-planes,Land Plane Grader Scraper,braber-land-plane-grader-scraper,84 in. Land Plane Grader Scraper,BE-GS07N,3,,3-Point Cat 1,84,,,,690,,25,60,,Dual cutting edges; scarifier shanks; quick-hitch compatible,Braber 84 in. Land Plane Grader Scraper for 3-Point Cat 1. Dual cutting edges; scarifier shanks; quick-hitch compatible.,,https://www.brabereq.com/box-grader-scraper-be-gs07n,https://farmerscoop.ca/wp-content/uploads/Agriease-Catalog-2025_Non-Priced-Small.pdf,Official product page and catalog,Verified — official catalog/manual,Manufacturer product/source page contains imagery; direct asset URL was not captured in this research pass.,braber-be-gs07n
Yes,Braber,Land Planes,land-planes,Land Plane Grader Scraper,braber-land-plane-grader-scraper,96 in. Land Plane Grader Scraper,BE-GS08N,2,,3-Point Cat 1,96,,,,780,,35,60,,Dual cutting edges; scarifier shanks; quick-hitch compatible,Braber 96 in. Land Plane Grader Scraper for 3-Point Cat 1. Dual cutting edges; scarifier shanks; quick-hitch compatible.,,https://www.brabereq.com/box-grader-scraper-be-gs08n,https://farmerscoop.ca/wp-content/uploads/Agriease-Catalog-2025_Non-Priced-Small.pdf,Official product page and catalog,Verified — official catalog/manual,Manufacturer product/source page contains imagery; direct asset URL was not captured in this research pass.,braber-be-gs08n
Yes,Braber,Land Planes,land-planes,Subcompact Land Plane,braber-subcompact-land-plane,48 in. Subcompact Land Plane,BE-GSC48N,1,,3-Point Cat 1,48,,,,350,,17,33,,4 scarifier shanks; quick-hitch compatible,Braber 48 in. Subcompact Land Plane for 3-Point Cat 1. 4 scarifier shanks; quick-hitch compatible.,,https://www.brabereq.com/whole-goods-tillage-soil-moving-land-planes,https://farmerscoop.ca/wp-content/uploads/Agriease-Catalog-2025_Non-Priced-Small.pdf,Official manufacturer catalog,Verified — official catalog/manual,Manufacturer product/source page contains imagery; direct asset URL was not captured in this research pass.,braber-be-gsc48n
Yes,Braber,Land Planes,land-planes,Subcompact Land Plane,braber-subcompact-land-plane,54 in. Subcompact Land Plane,BE-GSC54N,1,,3-Point Cat 1,54,,,,375,,17,33,,4 scarifier shanks; quick-hitch compatible,Braber 54 in. Subcompact Land Plane for 3-Point Cat 1. 4 scarifier shanks; quick-hitch compatible.,,https://www.brabereq.com/whole-goods-tillage-soil-moving-land-planes,https://farmerscoop.ca/wp-content/uploads/Agriease-Catalog-2025_Non-Priced-Small.pdf,Official manufacturer catalog,Verified — official catalog/manual,Manufacturer product/source page contains imagery; direct asset URL was not captured in this research pass.,braber-be-gsc54n
Yes,Braber,Landscape Rakes,landscape-rakes,Landscape Rake,braber-landscape-rake,72 in. Landscape Rake,BE-LR6N,2,,3-Point Cat 1,72,,,,238,,25,40,,6 tines per ft.; 1 in. spacing,Braber 72 in. Landscape Rake for 3-Point Cat 1. 6 tines per ft.; 1 in. spacing.,,https://www.brabereq.com/whole-goods-tillage-soil-moving-landscape-rakes,https://farmerscoop.ca/wp-content/uploads/Agriease-Catalog-2025_Non-Priced-Small.pdf,Official catalog — legacy code mapping,Legacy SKU — mapped,Inventory N-suffix mapped to current FK-suffix catalog family; confirm exact stock model. Manufacturer product/source page contains imagery; direct asset URL was not captured in this research pass.,braber-be-lr6n
Yes,Braber,Landscape Rakes,landscape-rakes,Landscape Rake,braber-landscape-rake,84 in. Landscape Rake,BE-LR7N,2,,3-Point Cat 1,84,,,,260,,30,45,,6 tines per ft.; 1 in. spacing,Braber 84 in. Landscape Rake for 3-Point Cat 1. 6 tines per ft.; 1 in. spacing.,,https://www.brabereq.com/whole-goods-tillage-soil-moving-landscape-rakes,https://farmerscoop.ca/wp-content/uploads/Agriease-Catalog-2025_Non-Priced-Small.pdf,Official catalog — legacy code mapping,Legacy SKU — mapped,Inventory N-suffix mapped to current FK-suffix catalog family; confirm exact stock model. Manufacturer product/source page contains imagery; direct asset URL was not captured in this research pass.,braber-be-lr7n
Yes,Ironcraft,Landscape Rakes,landscape-rakes,5100 Series Landscape Rake,ironcraft-5100-series-landscape-rake,60 in. Landscape Rake,5105,2,,3-Point Cat 1,60,,,,180,,20,45,,6 tines per ft.; 5-position forward/reverse angle,Ironcraft 60 in. Landscape Rake for 3-Point Cat 1. 6 tines per ft.; 5-position forward/reverse angle.,https://cdn.bfldr.com/71PUUW3G/at/xpfwsb9t6phg473597jpftk/ironcraft-3-point-tractor-landscape-rake.jpg?auto=webp&format=png,https://www.ironcraftusa.com/5100-series-landscape-rake/,,Official product page,Verified — official page,,ironcraft-5105
Yes,Ironcraft,Landscape Rakes,landscape-rakes,5100 Series Landscape Rake,ironcraft-5100-series-landscape-rake,72 in. Landscape Rake,5106,0,,3-Point Cat 1,72,,,,229,,25,45,,6 tines per ft.; 5-position forward/reverse angle,Ironcraft 72 in. Landscape Rake for 3-Point Cat 1. 6 tines per ft.; 5-position forward/reverse angle.,https://cdn.bfldr.com/71PUUW3G/at/xpfwsb9t6phg473597jpftk/ironcraft-3-point-tractor-landscape-rake.jpg?auto=webp&format=png,https://www.ironcraftusa.com/5100-series-landscape-rake/,,Official product page,Verified — official page,,ironcraft-5106
Yes,Ironcraft,Landscape Rakes,landscape-rakes,5100 Series Landscape Rake,ironcraft-5100-series-landscape-rake,84 in. Landscape Rake,5107,0,,3-Point Cat 1,84,,,,251,,30,45,,6 tines per ft.; 5-position forward/reverse angle,Ironcraft 84 in. Landscape Rake for 3-Point Cat 1. 6 tines per ft.; 5-position forward/reverse angle.,https://cdn.bfldr.com/71PUUW3G/at/xpfwsb9t6phg473597jpftk/ironcraft-3-point-tractor-landscape-rake.jpg?auto=webp&format=png,https://www.ironcraftusa.com/5100-series-landscape-rake/,,Official product page,Verified — official page,,ironcraft-5107
Yes,Ironcraft,Landscape Rakes,landscape-rakes,5100 Series Landscape Rake,ironcraft-5100-series-landscape-rake,96 in. Landscape Rake,5108,0,,3-Point Cat 1,96,,,,285,,35,45,,6 tines per ft.; 5-position forward/reverse angle,Ironcraft 96 in. Landscape Rake for 3-Point Cat 1. 6 tines per ft.; 5-position forward/reverse angle.,https://cdn.bfldr.com/71PUUW3G/at/xpfwsb9t6phg473597jpftk/ironcraft-3-point-tractor-landscape-rake.jpg?auto=webp&format=png,https://www.ironcraftusa.com/5100-series-landscape-rake/,,Official product page,Verified — official page,,ironcraft-5108
Yes,CID,Loader Buckets,loader-buckets,Compact Standard-Duty Tractor Bucket,cid-compact-standard-duty-tractor-bucket,72 in. Compact Tractor Loader Bucket,CTRAC72,1,,Universal skid steer quick attach,72,,25,28,458,,,45,,1/2 x 4 in. cutting edge; 3/16 in. bucket wrap; optional bolt-on edge,CID 72 in. Compact Tractor Loader Bucket for Universal skid steer quick attach. 1/2 x 4 in. cutting edge; 3/16 in. bucket wrap; optional bolt-on edge.,https://cdn.bfldr.com/71PUUW3G/at/j4vvnp3gxwtfjgrv6wfcbm/84-tractor-bucktet-hi-rez-b_wfinal.png?auto=webp&format=png,https://cidattachments.com/compact-tractor-bucket/,,Official product page,Verified — official page,,cid-ctrac72
Yes,Ironcraft,Offset Rear Blades,offset-rear-blades,4400 Series Offset Grader Blade,ironcraft-4400-series-offset-grader-blade,72 in. Offset Grader Blade,4406,1,,3-Point Cat 1,72,,15.5,,340,,35,60,,5-position angle; 3-position tilt; 5-position offset; 6 in. reversible cutting edge,Ironcraft 72 in. Offset Grader Blade for 3-Point Cat 1. 5-position angle; 3-position tilt; 5-position offset; 6 in. reversible cutting edge.,https://cdn.bfldr.com/71PUUW3G/at/q9gbp9pgrg38jm8582zbk7j/4400_Series_Offset_Grader_Blade-Edit-Edit.png?auto=webp&format=jpg&height=532&width=800,https://www.ironcraftusa.com/4400-series-offset-grader-blades/,,Official product page,Verified — official page,,ironcraft-4406
Yes,Ironcraft,Offset Rear Blades,offset-rear-blades,4400 Series Offset Grader Blade,ironcraft-4400-series-offset-grader-blade,84 in. Offset Grader Blade,4407,3,,3-Point Cat 1,84,,15.5,,353,,35,60,,5-position angle; 3-position tilt; 5-position offset; 6 in. reversible cutting edge,Ironcraft 84 in. Offset Grader Blade for 3-Point Cat 1. 5-position angle; 3-position tilt; 5-position offset; 6 in. reversible cutting edge.,https://cdn.bfldr.com/71PUUW3G/at/q9gbp9pgrg38jm8582zbk7j/4400_Series_Offset_Grader_Blade-Edit-Edit.png?auto=webp&format=jpg&height=532&width=800,https://www.ironcraftusa.com/4400-series-offset-grader-blades/,,Official product page,Verified — official page,,ironcraft-4407
Yes,Braber,Pallet Forks,pallet-forks,Clamp-On Bucket Forks,braber-clamp-on-bucket-forks,"Clamp-On Bucket Forks — 1,000 lb.",BE-BFT1002N,0,2,Clamp-on bucket,,,,,,1000,,,,Clamp-on bucket fork design,"Braber Clamp-On Bucket Forks — 1,000 lb. for Clamp-on bucket. Clamp-on bucket fork design.",,https://www.brabereq.com/whole-goods-material-handling-pallet-forks,https://farmerscoop.ca/wp-content/uploads/Agriease-Catalog-2025_Non-Priced-Small.pdf,Official manufacturer catalog,Verified — official catalog/manual,Manufacturer product/source page contains imagery; direct asset URL was not captured in this research pass.,braber-be-bft1002n
Yes,Braber,Pallet Forks,pallet-forks,Clamp-On Bucket Forks,braber-clamp-on-bucket-forks,"Clamp-On Bucket Forks — 2,000 lb.",BE-BFT2002N,0,2,Clamp-on bucket,,,,,,2000,,,,Clamp-on bucket fork design,"Braber Clamp-On Bucket Forks — 2,000 lb. for Clamp-on bucket. Clamp-on bucket fork design.",,https://www.brabereq.com/whole-goods-material-handling-pallet-forks,https://farmerscoop.ca/wp-content/uploads/Agriease-Catalog-2025_Non-Priced-Small.pdf,Official manufacturer catalog,Verified — official catalog/manual,Manufacturer product/source page contains imagery; direct asset URL was not captured in this research pass.,braber-be-bft2002n
Yes,Braber,Pallet Forks,pallet-forks,Heavy-Duty Pallet Forks,braber-heavy-duty-pallet-forks,"48 in. Pallet Forks — 4,400 lb.",BE-PF5048HBO500J,0,,Universal skid steer quick attach,48,,,,440,4400,,,,47 in. locking carriage,"Braber 48 in. Pallet Forks — 4,400 lb. for Universal skid steer quick attach. 47 in. locking carriage.",,https://www.brabereq.com/4400lb-skid-steer-mount-pallet-fork-be-pf5048hbo500j,https://farmerscoop.ca/wp-content/uploads/Agriease-Catalog-2025_Non-Priced-Small.pdf,Official product page,Verified — official page,Manufacturer product/source page contains imagery; direct asset URL was not captured in this research pass.,braber-be-pf5048hbo500j
Yes,Braber,Pallet Forks,pallet-forks,"Heavy-Duty Pallet Forks — 5,500 lb.",braber-heavy-duty-pallet-forks-5-500-lb,"48 in. Pallet Forks — 5,500 lb.",BE-HD5548BO500,1,,Universal skid steer quick attach,48,,,,587,5500,,,,50 in. carriage; 48 in. forks,"Braber 48 in. Pallet Forks — 5,500 lb. for Universal skid steer quick attach. 50 in. carriage; 48 in. forks.",,https://www.brabereq.com/whole-goods-material-handling-pallet-forks,https://farmerscoop.ca/wp-content/uploads/Agriease-Catalog-2025_Non-Priced-Small.pdf,Official manufacturer catalog,Verified — official catalog/manual,Manufacturer product/source page contains imagery; direct asset URL was not captured in this research pass.,braber-be-hd5548bo500
Yes,Braber,Pallet Forks,pallet-forks,Light-Duty Pallet Forks,braber-light-duty-pallet-forks,36 in. Light-Duty Pallet Forks,BE-PFLD36EBO,2,,Universal skid steer quick attach,36,,,,170,1100,,,,"36 in. forks; 1,100 lb. rated capacity","Braber 36 in. Light-Duty Pallet Forks for Universal skid steer quick attach. 36 in. forks; 1,100 lb. rated capacity.",,https://www.brabereq.com/whole-goods-material-handling-pallet-forks,https://farmerscoop.ca/wp-content/uploads/Agriease-Catalog-2025_Non-Priced-Small.pdf,Official manufacturer catalog,Verified — official catalog/manual,"Current official catalog lists 1,100 lb. capacity; inventory description lists 900 lb. Manufacturer product/source page contains imagery; direct asset URL was not captured in this research pass.",braber-be-pfld36ebo
Yes,Braber,Pallet Forks,pallet-forks,Standard-Duty Pallet Forks,braber-standard-duty-pallet-forks,"42 in. Pallet Forks — 2,200 lb.",BE-PF30S42LBO,0,,Universal skid steer quick attach,42,,,,310,2200,,,,47 in. locking carriage,"Braber 42 in. Pallet Forks — 2,200 lb. for Universal skid steer quick attach. 47 in. locking carriage.",,https://www.brabereq.com/2200lb-skid-steer-mount-pallet-fork-be-pf30s42lbo,https://farmerscoop.ca/wp-content/uploads/Agriease-Catalog-2025_Non-Priced-Small.pdf,Official product page,Verified — official page,Manufacturer product/source page contains imagery; direct asset URL was not captured in this research pass.,braber-be-pf30s42lbo
Yes,CID,Pallet Forks,pallet-forks,Compact Tractor Pallet Forks,cid-compact-tractor-pallet-forks,"Compact Tractor Pallet Forks — 2,000 lb.",CTFF,5,,Universal skid steer quick attach,,,31,,249,2000,,,,45 in. frame; 42 or 48 in. forks; 1-3/16 x 3 in. tines,"CID Compact Tractor Pallet Forks — 2,000 lb. for Universal skid steer quick attach. 45 in. frame; 42 or 48 in. forks; 1-3/16 x 3 in. tines.",,https://cidattachments.com/compact-tractor-pallet-forks/,,Official product page,Verified — official page,Manufacturer product/source page contains imagery; direct asset URL was not captured in this research pass.,cid-ctff
Yes,CID,Pallet Forks,pallet-forks,Compact Tractor Pallet Forks,cid-compact-tractor-pallet-forks,Compact Tractor Pallet Forks — John Deere Mount,CTFF-JD,0,,John Deere quick attach,,,31,,249,2000,,,,45 in. frame; 42 or 48 in. forks; 1-3/16 x 3 in. tines,CID Compact Tractor Pallet Forks — John Deere Mount for John Deere quick attach. 45 in. frame; 42 or 48 in. forks; 1-3/16 x 3 in. tines.,,https://cidattachments.com/compact-tractor-pallet-forks/,,Official product page,Verified — official page,Manufacturer product/source page contains imagery; direct asset URL was not captured in this research pass.,cid-ctff-jd
Yes,CID,Pallet Forks,pallet-forks,Heavy-Duty Pallet Forks,cid-heavy-duty-pallet-forks,"Heavy-Duty Pallet Forks — 4,000 lb.",HDFF,2,,Universal skid steer quick attach,48,,,,160,4000,,,,46 in. frame; 42 or 48 in. forks; 1-3/8 x 4 in. tines,"CID Heavy-Duty Pallet Forks — 4,000 lb. for Universal skid steer quick attach. 46 in. frame; 42 or 48 in. forks; 1-3/8 x 4 in. tines.",,https://cidattachments.com/skid-steer-heavy-duty-pallet-forks/,,Official product page,Verified — official page,Manufacturer product/source page contains imagery; direct asset URL was not captured in this research pass.,cid-hdff
Yes,CID,Pallet Forks,pallet-forks,"Heavy-Duty Pallet Forks — 5,500 lb.",cid-heavy-duty-pallet-forks-5-500-lb,"48 in. Heavy-Duty Pallet Forks — 5,500 lb.",HDFF5500,1,,Universal skid steer quick attach,48,,,,170,5500,,,,46 in. frame; 48/60/72 in. fork options; 1.5 x 4 in. tines,"CID 48 in. Heavy-Duty Pallet Forks — 5,500 lb. for Universal skid steer quick attach. 46 in. frame; 48/60/72 in. fork options; 1.5 x 4 in. tines.",,https://cidattachments.com/skid-steer-5500-lbs-heavy-duty-pallet-forks/,,Official product page,Verified — official page,Manufacturer product/source page contains imagery; direct asset URL was not captured in this research pass.,cid-hdff5500
Yes,CID,Pallet Forks,pallet-forks,Standard-Duty Pallet Forks,cid-standard-duty-pallet-forks,"Standard-Duty Pallet Forks — 3,000 lb.",SDFF,0,,Universal skid steer quick attach,,,,,140,3000,,,,45 in. frame; 42 or 48 in. forks; 1.25 x 4 in. tines,"CID Standard-Duty Pallet Forks — 3,000 lb. for Universal skid steer quick attach. 45 in. frame; 42 or 48 in. forks; 1.25 x 4 in. tines.",,https://cidattachments.com/skid-steer-standard-duty-pallet-forks/,,Manufacturer site — legacy SKU mapping,Legacy SKU — mapped,Current official frame SKU is SDFRAME; confirm inventory model/complete fork length. Manufacturer product/source page contains imagery; direct asset URL was not captured in this research pass.,cid-sdff
Yes,Ironcraft,Post Hole Diggers,post-hole-diggers,PH Series Augers,ironcraft-ph-series-augers,12 in. Post Hole Auger,PHD-12-Aug,1,,2 in. round output shaft,12,,,45,,,,,,Replacement/optional auger; maximum digging depth 45 in.,Ironcraft 12 in. Post Hole Auger for 2 in. round output shaft. Replacement/optional auger; maximum digging depth 45 in..,https://cdn.bfldr.com/71PUUW3G/at/nq4z5kswtvpjw76jps66mf8/Post_Hole_Digger_1.png?auto=webp&format=jpg&height=1202&width=800,https://www.ironcraftusa.com/ph-series-post-hole-digger/,,Official product page,Verified — official page,,ironcraft-phd-12-aug
Yes,Ironcraft,Post Hole Diggers,post-hole-diggers,PH Series Augers,ironcraft-ph-series-augers,6 in. Post Hole Auger,PHD-6-Aug,1,,2 in. round output shaft,6,,,45,,,,,,Replacement/optional auger; maximum digging depth 45 in.,Ironcraft 6 in. Post Hole Auger for 2 in. round output shaft. Replacement/optional auger; maximum digging depth 45 in..,https://cdn.bfldr.com/71PUUW3G/at/nq4z5kswtvpjw76jps66mf8/Post_Hole_Digger_1.png?auto=webp&format=jpg&height=1202&width=800,https://www.ironcraftusa.com/ph-series-post-hole-digger/,,Official product page,Verified — official page,,ironcraft-phd-6-aug
Yes,Ironcraft,Post Hole Diggers,post-hole-diggers,PH Series Augers,ironcraft-ph-series-augers,9 in. Post Hole Auger,PHD-9-Aug,2,,2 in. round output shaft,9,,,45,,,,,,Replacement/optional auger; maximum digging depth 45 in.,Ironcraft 9 in. Post Hole Auger for 2 in. round output shaft. Replacement/optional auger; maximum digging depth 45 in..,https://cdn.bfldr.com/71PUUW3G/at/nq4z5kswtvpjw76jps66mf8/Post_Hole_Digger_1.png?auto=webp&format=jpg&height=1202&width=800,https://www.ironcraftusa.com/ph-series-post-hole-digger/,,Official product page,Verified — official page,,ironcraft-phd-9-aug
Yes,Ironcraft,Post Hole Diggers,post-hole-diggers,PH Series Post Hole Digger,ironcraft-ph-series-post-hole-digger,3-Point Post Hole Digger,PHDT,1,,3-Point Cat 1 or 2,,,,,265,,25,65,540,3:1 gearbox; 2 in. output shaft; digs up to 45 in.,Ironcraft 3-Point Post Hole Digger for 3-Point Cat 1 or 2. 3:1 gearbox; 2 in. output shaft; digs up to 45 in..,https://cdn.bfldr.com/71PUUW3G/at/nq4z5kswtvpjw76jps66mf8/Post_Hole_Digger_1.png?auto=webp&format=jpg&height=1202&width=800,https://www.ironcraftusa.com/ph-series-post-hole-digger/,,Manufacturer site — legacy model mapping,Legacy SKU — mapped,Inventory model PHDT appears to be a legacy/dealer alias for the current PHD model; confirm before publishing.,ironcraft-phdt
Review,Braber,Quick Hitches,quick-hitches,3-Point Hitch Receiver,braber-3-point-hitch-receiver,3-Point Hitch Receiver,BE-HitchReceiver,0,,3-Point,,,,,,,,,,Dealer-entered SKU; exact current manufacturer item not located,Braber 3-Point Hitch Receiver for 3-Point. Dealer-entered SKU; exact current manufacturer item not located.,,https://www.brabereq.com/whole-goods-material-handling-trailer-movers,,Manufacturer category page only,Needs dealer confirmation,"Confirm exact Braber part number, capacity, dimensions, weight, and image. Manufacturer product/source page contains imagery; direct asset URL was not captured in this research pass.",braber-be-hitchreceiver
Yes,Braber,Quick Hitches,quick-hitches,True Category 1 Quick Hitch,braber-true-category-1-quick-hitch,29 in. Category 1 Quick Hitch,BE-QH1N,2,,3-Point Cat 1,29,,,,72,,,50,,29 in. width; 72 lb.; true Cat 1 geometry,Braber 29 in. Category 1 Quick Hitch for 3-Point Cat 1. 29 in. width; 72 lb.; true Cat 1 geometry.,,https://www.brabereq.com/true-cat-1-29-3pt-quick-hitch-qh1n,https://farmerscoop.ca/wp-content/uploads/Agriease-Catalog-2025_Non-Priced-Small.pdf,Official product page,Verified — official page,Manufacturer page omits the BE- prefix; inventory SKU retained. Manufacturer product/source page contains imagery; direct asset URL was not captured in this research pass.,braber-be-qh1n
Yes,Ironcraft,Quick Hitches,quick-hitches,Category 1 Quick Hitch,ironcraft-category-1-quick-hitch,Category 1 Quick Hitch,QH-1,0,,3-Point Cat 1,30,,24,8,68,880,,50,,30 x 8 x 24 in.; 880 lb. max lift,Ironcraft Category 1 Quick Hitch for 3-Point Cat 1. 30 x 8 x 24 in.; 880 lb. max lift.,https://cdn.bfldr.com/71PUUW3G/at/xfxgc43rbc3ns4xgs85qsbg3/ironcraft-tractor-quick-hitch.png?auto=webp&format=jpg&height=533&width=800,https://www.ironcraftusa.com/quick-hitch/,,Official product page,Verified — official page,,ironcraft-qh-1
Yes,Braber,Rear Blades,rear-blades,Standard Rear Blade,braber-standard-rear-blade,48 in. Standard Rear Blade,BE-RBR4N,0,,3-Point Cat 1,48,,14.5,,170,,20,30,,5-position forward/reverse angle; 3-position tilt; 6 in. cutting edge,Braber 48 in. Standard Rear Blade for 3-Point Cat 1. 5-position forward/reverse angle; 3-position tilt; 6 in. cutting edge.,,https://www.brabereq.com/whole-goods-tillage-soil-moving-rear-blades-rear-blades,https://farmerscoop.ca/wp-content/uploads/Agriease-Catalog-2025_Non-Priced-Small.pdf,Official manufacturer catalog,Verified — official catalog/manual,Manufacturer product/source page contains imagery; direct asset URL was not captured in this research pass.,braber-be-rbr4n
Yes,Braber,Rear Blades,rear-blades,Standard Rear Blade,braber-standard-rear-blade,60 in. Standard Rear Blade,BE-RBR5N,0,,3-Point Cat 1,60,,14.5,,205,,20,30,,5-position forward/reverse angle; 3-position tilt; 6 in. cutting edge,Braber 60 in. Standard Rear Blade for 3-Point Cat 1. 5-position forward/reverse angle; 3-position tilt; 6 in. cutting edge.,,https://www.brabereq.com/whole-goods-tillage-soil-moving-rear-blades-rear-blades,https://farmerscoop.ca/wp-content/uploads/Agriease-Catalog-2025_Non-Priced-Small.pdf,Official manufacturer catalog,Verified — official catalog/manual,Manufacturer product/source page contains imagery; direct asset URL was not captured in this research pass.,braber-be-rbr5n
Yes,Braber,Rear Blades,rear-blades,Standard Rear Blade,braber-standard-rear-blade,72 in. Standard Rear Blade,BE-RBR6N,0,,3-Point Cat 1,72,,14.5,,230,,25,40,,5-position forward/reverse angle; 3-position tilt; 6 in. cutting edge,Braber 72 in. Standard Rear Blade for 3-Point Cat 1. 5-position forward/reverse angle; 3-position tilt; 6 in. cutting edge.,,https://www.brabereq.com/whole-goods-tillage-soil-moving-rear-blades-rear-blades,https://farmerscoop.ca/wp-content/uploads/Agriease-Catalog-2025_Non-Priced-Small.pdf,Official manufacturer catalog,Verified — official catalog/manual,Manufacturer product/source page contains imagery; direct asset URL was not captured in this research pass.,braber-be-rbr6n
Yes,Braber,Rear Blades,rear-blades,Standard Rear Blade,braber-standard-rear-blade,84 in. Standard Rear Blade,BE-RBR7N,0,,3-Point Cat 1,84,,14.5,,255,,30,50,,5-position forward/reverse angle; 3-position tilt; 6 in. cutting edge,Braber 84 in. Standard Rear Blade for 3-Point Cat 1. 5-position forward/reverse angle; 3-position tilt; 6 in. cutting edge.,,https://www.brabereq.com/whole-goods-tillage-soil-moving-rear-blades-rear-blades,https://farmerscoop.ca/wp-content/uploads/Agriease-Catalog-2025_Non-Priced-Small.pdf,Official manufacturer catalog,Verified — official catalog/manual,Manufacturer product/source page contains imagery; direct asset URL was not captured in this research pass.,braber-be-rbr7n
Yes,Ironcraft,Rear Blades,rear-blades,4100 Series Economy Grader Blade,ironcraft-4100-series-economy-grader-blade,60 in. Economy Grader Blade,4105,0,,3-Point Cat 1,60,,13,,179,,15,30,,5-position forward/reverse angle; 6 in. reversible cutting edge,Ironcraft 60 in. Economy Grader Blade for 3-Point Cat 1. 5-position forward/reverse angle; 6 in. reversible cutting edge.,https://cdn.bfldr.com/71PUUW3G/at/cvggn74pwbqh28crtq9s7q26/ironcraft-4100-series-economy-grader-blade-cut.png?auto=webp&format=jpg&height=533&width=800,https://www.ironcraftusa.com/4100-series-economy-blades/,,Official product page,Verified — official page,,ironcraft-4105
Yes,Ironcraft,Rear Blades,rear-blades,4100 Series Economy Grader Blade,ironcraft-4100-series-economy-grader-blade,72 in. Economy Grader Blade,4106,1,,3-Point Cat 1,72,,14,,202,,15,35,,5-position forward/reverse angle; 6 in. reversible cutting edge,Ironcraft 72 in. Economy Grader Blade for 3-Point Cat 1. 5-position forward/reverse angle; 6 in. reversible cutting edge.,https://cdn.bfldr.com/71PUUW3G/at/cvggn74pwbqh28crtq9s7q26/ironcraft-4100-series-economy-grader-blade-cut.png?auto=webp&format=jpg&height=533&width=800,https://www.ironcraftusa.com/4100-series-economy-blades/,,Official product page,Verified — official page,,ironcraft-4106
Yes,Ironcraft,Rear Blades,rear-blades,4300 Series Standard-Duty Grader Blade,ironcraft-4300-series-standard-duty-grader-blade,60 in. Standard-Duty Grader Blade,4305-GR,0,,3-Point Cat 1,60,,13,,199,,15,35,,5-position angle; 3-position tilt; 6 in. reversible cutting edge,Ironcraft 60 in. Standard-Duty Grader Blade for 3-Point Cat 1. 5-position angle; 3-position tilt; 6 in. reversible cutting edge.,https://cdn.bfldr.com/71PUUW3G/at/97vsqmt77n4nxcrvs73968rq/4300_Series_Standard_Duty_Grader_Blade-Edit.png?auto=webp&format=jpg&height=532&width=800,https://www.ironcraftusa.com/4300-series-grader-blades/,,Manufacturer site — legacy suffix mapping,Legacy SKU — mapped,Inventory -GR suffix mapped to current 4300 Series base model.,ironcraft-4305-gr
Yes,Ironcraft,Rear Blades,rear-blades,4300 Series Standard-Duty Grader Blade,ironcraft-4300-series-standard-duty-grader-blade,72 in. Standard-Duty Grader Blade,4306-GR,0,,3-Point Cat 1,72,,14,,252,,15,40,,5-position angle; 3-position tilt; 6 in. reversible cutting edge,Ironcraft 72 in. Standard-Duty Grader Blade for 3-Point Cat 1. 5-position angle; 3-position tilt; 6 in. reversible cutting edge.,https://cdn.bfldr.com/71PUUW3G/at/97vsqmt77n4nxcrvs73968rq/4300_Series_Standard_Duty_Grader_Blade-Edit.png?auto=webp&format=jpg&height=532&width=800,https://www.ironcraftusa.com/4300-series-grader-blades/,,Manufacturer site — legacy suffix mapping,Legacy SKU — mapped,Inventory -GR suffix mapped to current 4300 Series base model.,ironcraft-4306-gr
Yes,Ironcraft,Rear Blades,rear-blades,4300 Series Standard-Duty Grader Blade,ironcraft-4300-series-standard-duty-grader-blade,84 in. Standard-Duty Grader Blade,4307-GR,0,,3-Point Cat 1,84,,14,,276,,15,40,,5-position angle; 3-position tilt; 6 in. reversible cutting edge,Ironcraft 84 in. Standard-Duty Grader Blade for 3-Point Cat 1. 5-position angle; 3-position tilt; 6 in. reversible cutting edge.,https://cdn.bfldr.com/71PUUW3G/at/97vsqmt77n4nxcrvs73968rq/4300_Series_Standard_Duty_Grader_Blade-Edit.png?auto=webp&format=jpg&height=532&width=800,https://www.ironcraftusa.com/4300-series-grader-blades/,,Manufacturer site — legacy suffix mapping,Legacy SKU — mapped,Inventory -GR suffix mapped to current 4300 Series base model.,ironcraft-4307-gr
Yes,CID,Rock Buckets,rock-buckets,Compact Tractor Rock Bucket,cid-compact-tractor-rock-bucket,60 in. Compact Tractor Rock Bucket,CTRB60,3,,Universal skid steer quick attach,60,,20,28,430,,,35,,3 in. tine spacing; 5/16 in. tines,CID 60 in. Compact Tractor Rock Bucket for Universal skid steer quick attach. 3 in. tine spacing; 5/16 in. tines.,,https://cidattachments.com/compact-tractor-rock-buckets/,,Official product page,Verified — official page,Manufacturer product/source page contains imagery; direct asset URL was not captured in this research pass.,cid-ctrb60
Yes,CID,Rock Buckets,rock-buckets,Compact Tractor Rock Bucket,cid-compact-tractor-rock-bucket,72 in. Compact Tractor Rock Bucket,CTRB72,1,,Universal skid steer quick attach,72,,20,28,490,,,35,,3 in. tine spacing; 5/16 in. tines,CID 72 in. Compact Tractor Rock Bucket for Universal skid steer quick attach. 3 in. tine spacing; 5/16 in. tines.,,https://cidattachments.com/compact-tractor-rock-buckets/,,Official product page,Verified — official page,Manufacturer product/source page contains imagery; direct asset URL was not captured in this research pass.,cid-ctrb72
Review,CID,Rock Buckets,rock-buckets,Heavy-Duty Rock Bucket,cid-heavy-duty-rock-bucket,72 in. Heavy-Duty Rock Bucket,HDRB72,0,1,Universal skid steer quick attach,72,,19,41,524,,,,,2-3/8 in. tine spacing,CID 72 in. Heavy-Duty Rock Bucket for Universal skid steer quick attach. 2-3/8 in. tine spacing.,,https://www.sr1equipment.com/NEW-Inventory-IronCraft-Attachments-72-Heavy-Duty-Rock-Bucket-Turner-15677581,,Dealer listing,Secondary source — confirm,Exact current CID manufacturer page not located; specs are from a dealer listing and should be confirmed. Manufacturer product/source page contains imagery; direct asset URL was not captured in this research pass.,cid-hdrb72
Yes,CID,Rock Grapples,rock-grapples,Compact Tractor Rock Grapple,cid-compact-tractor-rock-grapple,60 in. Compact Tractor Rock Grapple,CTROKG60,1,,Universal skid steer quick attach,60,,,28,364,,,45,,35 in. opening; 3 in. tine spacing; dual 2 x 10 in. cylinders,CID 60 in. Compact Tractor Rock Grapple for Universal skid steer quick attach. 35 in. opening; 3 in. tine spacing; dual 2 x 10 in. cylinders.,,https://cidattachments.com/compact-tractor-rock-grapple/,,Official product page,Verified — official page,Manufacturer product/source page contains imagery; direct asset URL was not captured in this research pass.,cid-ctrokg60
Yes,CID,Rock Grapples,rock-grapples,Compact Tractor Rock Grapple,cid-compact-tractor-rock-grapple,72 in. Compact Tractor Rock Grapple,CTROKG72,2,,Universal skid steer quick attach,72,,,28,420,,,45,,35 in. opening; 3 in. tine spacing; dual 2 x 10 in. cylinders,CID 72 in. Compact Tractor Rock Grapple for Universal skid steer quick attach. 35 in. opening; 3 in. tine spacing; dual 2 x 10 in. cylinders.,,https://cidattachments.com/compact-tractor-rock-grapple/,,Official product page,Verified — official page,Manufacturer product/source page contains imagery; direct asset URL was not captured in this research pass.,cid-ctrokg72
Yes,CID,Root Grapples,root-grapples,Economy Root Grapple — Dual Cylinder,cid-economy-root-grapple-dual-cylinder,60 in. Economy Root Grapple — Dual Cylinder,ERG60,3,,Universal skid steer quick attach,60,,,,450,,,45,,Dual 2 x 8 in. cylinders; compact tractor design,CID 60 in. Economy Root Grapple — Dual Cylinder for Universal skid steer quick attach. Dual 2 x 8 in. cylinders; compact tractor design.,,https://www.ironcraftusa.com/skid-steer-grapple/economy-root-grapple/,,Current manufacturer page after brand transition,Legacy SKU — mapped,Inventory brand is CID; current official product is published under IronCraft. Confirm branding on physical stock/image. Manufacturer product/source page contains imagery; direct asset URL was not captured in this research pass.,cid-erg60
Yes,CID,Root Grapples,root-grapples,Economy Root Grapple — Dual Cylinder,cid-economy-root-grapple-dual-cylinder,72 in. Economy Root Grapple — Dual Cylinder,ERG72,2,,Universal skid steer quick attach,72,,,,509,,,45,,Dual 2 x 8 in. cylinders; compact tractor design,CID 72 in. Economy Root Grapple — Dual Cylinder for Universal skid steer quick attach. Dual 2 x 8 in. cylinders; compact tractor design.,,https://www.ironcraftusa.com/skid-steer-grapple/economy-root-grapple/,,Current manufacturer page after brand transition,Legacy SKU — mapped,Inventory brand is CID; current official product is published under IronCraft. Confirm branding on physical stock/image. Manufacturer product/source page contains imagery; direct asset URL was not captured in this research pass.,cid-erg72
Yes,Ironcraft,Rotary Cutters,rotary-cutters,1200 Series Standard-Duty Rotary Cutter,ironcraft-1200-series-standard-duty-rotary-cutter,48 in. Standard-Duty Rotary Cutter with Chains,1204C-GR,0,,3-Point Cat 1,48,,,,538,,15,45,540,1.5 in. cutting capacity; 540 RPM; chain guards noted in dealer description,Ironcraft 48 in. Standard-Duty Rotary Cutter with Chains for 3-Point Cat 1. 1.5 in. cutting capacity; 540 RPM; chain guards noted in dealer description.,https://cdn.bfldr.com/71PUUW3G/at/qmsp9w2wfs6p5fvpb5j9tnj/1200_Series_Standard_Duty_Cutters.png?auto=webp&format=jpg&height=532&width=800,https://www.ironcraftusa.com/1200-series-rotary-cutter/,,Manufacturer site — option/suffix mapping,Legacy SKU — mapped,Inventory option suffix mapped to current base model; verify included chains/slip clutch configuration.,ironcraft-1204c-gr
Yes,Ironcraft,Rotary Cutters,rotary-cutters,1200 Series Standard-Duty Rotary Cutter,ironcraft-1200-series-standard-duty-rotary-cutter,60 in. Standard-Duty Rotary Cutter with Chains,1205C-GR,1,,3-Point Cat 1,60,,,,596,,25,45,540,1.5 in. cutting capacity; 540 RPM; chain guards noted in dealer description,Ironcraft 60 in. Standard-Duty Rotary Cutter with Chains for 3-Point Cat 1. 1.5 in. cutting capacity; 540 RPM; chain guards noted in dealer description.,https://cdn.bfldr.com/71PUUW3G/at/qmsp9w2wfs6p5fvpb5j9tnj/1200_Series_Standard_Duty_Cutters.png?auto=webp&format=jpg&height=532&width=800,https://www.ironcraftusa.com/1200-series-rotary-cutter/,,Manufacturer site — option/suffix mapping,Legacy SKU — mapped,Inventory option suffix mapped to current base model; verify included chains/slip clutch configuration.,ironcraft-1205c-gr
Yes,Ironcraft,Rotary Cutters,rotary-cutters,1200 Series Standard-Duty Rotary Cutter,ironcraft-1200-series-standard-duty-rotary-cutter,72 in. Standard-Duty Rotary Cutter with Chains,1206C-GR,0,,3-Point Cat 1,72,,,,726,,30,65,540,1.5 in. cutting capacity; 540 RPM; chain guards noted in dealer description,Ironcraft 72 in. Standard-Duty Rotary Cutter with Chains for 3-Point Cat 1. 1.5 in. cutting capacity; 540 RPM; chain guards noted in dealer description.,https://cdn.bfldr.com/71PUUW3G/at/qmsp9w2wfs6p5fvpb5j9tnj/1200_Series_Standard_Duty_Cutters.png?auto=webp&format=jpg&height=532&width=800,https://www.ironcraftusa.com/1200-series-rotary-cutter/,,Manufacturer site — option/suffix mapping,Legacy SKU — mapped,Inventory option suffix mapped to current base model; verify included chains/slip clutch configuration.,ironcraft-1206c-gr
Yes,Ironcraft,Rotary Cutters,rotary-cutters,1200 Series Standard-Duty Rotary Cutter,ironcraft-1200-series-standard-duty-rotary-cutter,72 in. Rotary Cutter with Slip Clutch & Chains,1206SCC,0,,3-Point Cat 1,72,,,,726,,30,65,540,1.5 in. cutting capacity; 540 RPM; chain guards noted in dealer description,Ironcraft 72 in. Rotary Cutter with Slip Clutch & Chains for 3-Point Cat 1. 1.5 in. cutting capacity; 540 RPM; chain guards noted in dealer description.,https://cdn.bfldr.com/71PUUW3G/at/qmsp9w2wfs6p5fvpb5j9tnj/1200_Series_Standard_Duty_Cutters.png?auto=webp&format=jpg&height=532&width=800,https://www.ironcraftusa.com/1200-series-rotary-cutter/,,Manufacturer site — option/suffix mapping,Legacy SKU — mapped,Inventory option suffix mapped to current base model; verify included chains/slip clutch configuration.,ironcraft-1206scc
Review,Braber,Snow Blowers,snow-blowers,Forward-Pull Snow Blower,braber-forward-pull-snow-blower,72 in. Forward-Pull Snow Blower,BE-PSB72G,2,,3-Point / PTO,72,,,,,,,,540,Forward-pull snow blower,Braber 72 in. Forward-Pull Snow Blower for 3-Point / PTO. Forward-pull snow blower.,,https://www.brabereq.com/whole-goods-snow-equipment-snow-blowers,https://farmerscoop.ca/wp-content/uploads/Agriease-Catalog-2025_Non-Priced-Small.pdf,Manufacturer category page only,Needs dealer confirmation,"Confirm current exact model specs, weight, tractor HP range, and product image. Manufacturer product/source page contains imagery; direct asset URL was not captured in this research pass.",braber-be-psb72g
Yes,Braber,Snow Blowers,snow-blowers,SBS 3-Point Two-Stage Snow Blower,braber-sbs-3-point-two-stage-snow-blower,50–54 in. Two-Stage Snow Blower,BE-SBS5054G,2,,3-Point Cat 1,50,54,,,520,,18,,540,14 in. auger; 24 in. impeller; 340° manual chute rotation; hydraulic option available,Braber 50–54 in. Two-Stage Snow Blower for 3-Point Cat 1. 14 in. auger; 24 in. impeller; 340° manual chute rotation; hydraulic option available.,,https://www.brabereq.com/snow-blower-be-sbs5054g,https://farmerscoop.ca/wp-content/uploads/Agriease-Catalog-2025_Non-Priced-Small.pdf,Official product page and catalog,Verified — official catalog/manual,Manufacturer product/source page contains imagery; direct asset URL was not captured in this research pass.,braber-be-sbs5054g
Yes,Braber,Snow Blowers,snow-blowers,SBS 3-Point Two-Stage Snow Blower,braber-sbs-3-point-two-stage-snow-blower,60–64 in. Two-Stage Snow Blower,BE-SBS6064G,2,,3-Point Cat 1,60,64,,,560,,22,,540,14 in. auger; 24 in. impeller; 340° manual chute rotation; hydraulic option available,Braber 60–64 in. Two-Stage Snow Blower for 3-Point Cat 1. 14 in. auger; 24 in. impeller; 340° manual chute rotation; hydraulic option available.,,https://www.brabereq.com/snow-blower-be-sbs6064g,https://farmerscoop.ca/wp-content/uploads/Agriease-Catalog-2025_Non-Priced-Small.pdf,Official product page and catalog,Verified — official catalog/manual,Manufacturer product/source page contains imagery; direct asset URL was not captured in this research pass.,braber-be-sbs6064g
Yes,Braber,Snow Blowers,snow-blowers,SBS 3-Point Two-Stage Snow Blower,braber-sbs-3-point-two-stage-snow-blower,66–70 in. Two-Stage Snow Blower,BE-SBS6670G,0,,3-Point Cat 1,66,70,,,580,,30,,540,14 in. auger; 24 in. impeller; 340° manual chute rotation; hydraulic option available,Braber 66–70 in. Two-Stage Snow Blower for 3-Point Cat 1. 14 in. auger; 24 in. impeller; 340° manual chute rotation; hydraulic option available.,,https://www.brabereq.com/snow-blower-be-sbs6670g,https://farmerscoop.ca/wp-content/uploads/Agriease-Catalog-2025_Non-Priced-Small.pdf,Official product page and catalog,Verified — official catalog/manual,Manufacturer product/source page contains imagery; direct asset URL was not captured in this research pass.,braber-be-sbs6670g
Yes,Braber,Snow Blowers,snow-blowers,SBS 3-Point Two-Stage Snow Blower,braber-sbs-3-point-two-stage-snow-blower,72–76 in. Two-Stage Snow Blower,BE-SBS7276G,1,,3-Point Cat 1,72,76,,,600,,40,,540,14 in. auger; 24 in. impeller; 340° manual chute rotation; hydraulic option available,Braber 72–76 in. Two-Stage Snow Blower for 3-Point Cat 1. 14 in. auger; 24 in. impeller; 340° manual chute rotation; hydraulic option available.,,https://www.brabereq.com/snow-blower-be-sbs7276g,https://farmerscoop.ca/wp-content/uploads/Agriease-Catalog-2025_Non-Priced-Small.pdf,Official product page and catalog,Verified — official catalog/manual,Manufacturer product/source page contains imagery; direct asset URL was not captured in this research pass.,braber-be-sbs7276g
Yes,Braber,Snow Blowers,snow-blowers,SBS 3-Point Two-Stage Snow Blower,braber-sbs-3-point-two-stage-snow-blower,84–88 in. Two-Stage Snow Blower,BE-SBS8488G,1,,3-Point Cat 1,84,88,,,743,,55,,540,14 in. auger; 24 in. impeller; 340° manual chute rotation; hydraulic option available,Braber 84–88 in. Two-Stage Snow Blower for 3-Point Cat 1. 14 in. auger; 24 in. impeller; 340° manual chute rotation; hydraulic option available.,,https://www.brabereq.com/snow-blower-be-sbs8488g,https://farmerscoop.ca/wp-content/uploads/Agriease-Catalog-2025_Non-Priced-Small.pdf,Official product page and catalog,Verified — official catalog/manual,Catalog lists manual chute rotation with hydraulic kit optional; inventory description says 'with hyd chute'. Confirm installed kit. Manufacturer product/source page contains imagery; direct asset URL was not captured in this research pass.,braber-be-sbs8488g
Yes,Braber,Snow Blowers,snow-blowers,SBS Snow Blower Hydraulic Chute Kit,braber-sbs-snow-blower-hydraulic-chute-kit,Hydraulic Chute Rotation Upgrade Kit,SBSNHYDKIT,1,,SBS snow blower accessory,,,,,,,,,,Hydraulic chute rotation accessory for compatible SBS models,Braber Hydraulic Chute Rotation Upgrade Kit for SBS snow blower accessory. Hydraulic chute rotation accessory for compatible SBS models.,,https://www.brabereq.com/hydraulic-chute-rotation-kit-sbsnhydkit,https://farmerscoop.ca/wp-content/uploads/Agriease-Catalog-2025_Non-Priced-Small.pdf,Official product page,Verified — official page,Manufacturer product/source page contains imagery; direct asset URL was not captured in this research pass.,braber-sbsnhydkit
Yes,CID,Snow Plows,snow-plows,Compact Tractor Hydraulic Snow Plow,cid-compact-tractor-hydraulic-snow-plow,60 in. Compact Tractor Hydraulic Snow Plow,CTSPLOW60,0,,Universal skid steer quick attach,60,,,,485,,,45,,30° hydraulic angle; 2 x 6 in. cylinder,CID 60 in. Compact Tractor Hydraulic Snow Plow for Universal skid steer quick attach. 30° hydraulic angle; 2 x 6 in. cylinder.,,https://www.ironcraftusa.com/skid-steer-snow-equipment/compact-snow-plow/,,Current manufacturer page after brand transition,Legacy SKU — mapped,Inventory brand is CID; current official product is published under IronCraft. Confirm branding and exact legacy SKU weights. Manufacturer product/source page contains imagery; direct asset URL was not captured in this research pass.,cid-ctsplow60
Yes,CID,Snow Plows,snow-plows,Compact Tractor Hydraulic Snow Plow,cid-compact-tractor-hydraulic-snow-plow,72 in. Compact Tractor Hydraulic Snow Plow,CTSPLOW72,0,,Universal skid steer quick attach,72,,,,516,,,45,,30° hydraulic angle; 2 x 6 in. cylinder,CID 72 in. Compact Tractor Hydraulic Snow Plow for Universal skid steer quick attach. 30° hydraulic angle; 2 x 6 in. cylinder.,,https://www.ironcraftusa.com/skid-steer-snow-equipment/compact-snow-plow/,,Current manufacturer page after brand transition,Legacy SKU — mapped,Inventory brand is CID; current official product is published under IronCraft. Confirm branding and exact legacy SKU weights. Manufacturer product/source page contains imagery; direct asset URL was not captured in this research pass.,cid-ctsplow72
Yes,CID,Snow Plows,snow-plows,Compact Tractor Hydraulic Snow Plow,cid-compact-tractor-hydraulic-snow-plow,84 in. Compact Tractor Hydraulic Snow Plow,CTSPLOW84,0,,Universal skid steer quick attach,84,,,,548,,,45,,30° hydraulic angle; 2 x 6 in. cylinder,CID 84 in. Compact Tractor Hydraulic Snow Plow for Universal skid steer quick attach. 30° hydraulic angle; 2 x 6 in. cylinder.,,https://www.ironcraftusa.com/skid-steer-snow-equipment/compact-snow-plow/,,Current manufacturer page after brand transition,Legacy SKU — mapped,Inventory brand is CID; current official product is published under IronCraft. Confirm branding and exact legacy SKU weights. Manufacturer product/source page contains imagery; direct asset URL was not captured in this research pass.,cid-ctsplow84
Review,CID,Snow Plows,snow-plows,Compact Tractor Hydraulic Snow Plow,cid-compact-tractor-hydraulic-snow-plow,96 in. Compact Tractor Hydraulic Snow Plow,CTSPLOW96,0,,Universal skid steer quick attach,96,,,,,,,45,,30° hydraulic angle; 2 x 6 in. cylinder,CID 96 in. Compact Tractor Hydraulic Snow Plow for Universal skid steer quick attach. 30° hydraulic angle; 2 x 6 in. cylinder.,,https://www.ironcraftusa.com/skid-steer-snow-equipment/compact-snow-plow/,,Manufacturer family page only,Needs dealer confirmation,"Current official page did not expose a 96 in. compact model; confirm exact SKU, weight, and configuration. Manufacturer product/source page contains imagery; direct asset URL was not captured in this research pass.",cid-ctsplow96
Yes,Ironcraft,Snow Plows,snow-plows,Compact Tractor Hydraulic Snow Plow,ironcraft-compact-tractor-hydraulic-snow-plow,72 in. Compact Tractor Snow Plow — John Deere Mount,CTSPLOW72-JD45,2,,John Deere 45 loader,72,,,,516,,,45,,30° hydraulic angle; 2 x 6 in. cylinder,Ironcraft 72 in. Compact Tractor Snow Plow — John Deere Mount for John Deere 45 loader. 30° hydraulic angle; 2 x 6 in. cylinder.,,https://www.ironcraftusa.com/skid-steer-snow-equipment/compact-snow-plow/,,Manufacturer site — mount variant mapping,Legacy SKU — mapped,Current product page covers the 72 in. compact plow; confirm the JD45 mount suffix and included mount. Manufacturer product/source page contains imagery; direct asset URL was not captured in this research pass.,ironcraft-ctsplow72-jd45
Yes,Ironcraft,Snow Plows,snow-plows,Heavy-Duty Hydraulic Snow Plow,ironcraft-heavy-duty-hydraulic-snow-plow,84 in. Heavy-Duty Hydraulic Snow Plow,HDSPLOW84,1,,Universal skid steer; JD/Euro optional,84,,,,776,,,,,30° hydraulic angle; 3 x 6 in. cylinder; 1/2 in. AR400 cutting edge,Ironcraft 84 in. Heavy-Duty Hydraulic Snow Plow for Universal skid steer; JD/Euro optional. 30° hydraulic angle; 3 x 6 in. cylinder; 1/2 in. AR400 cutting edge.,,https://www.ironcraftusa.com/skid-steer-snow-equipment/heavy-duty-snow-plow/,,Official product page,Verified — official page,Manufacturer product/source page contains imagery; direct asset URL was not captured in this research pass.,ironcraft-hdsplow84
Yes,CID,Snow Pushers,snow-pushers,Compact Tractor Snow Pusher with Pull-Back,cid-compact-tractor-snow-pusher-with-pull-back,60 in. Compact Tractor Snow Pusher with Pull-Back,CTSPUSH60,0,,Universal skid steer quick attach,60,,,,309,,,,,Pull-back design; 5/16 in. side wear plates; replaceable 1/2 in. AR400 skid shoes,CID 60 in. Compact Tractor Snow Pusher with Pull-Back for Universal skid steer quick attach. Pull-back design; 5/16 in. side wear plates; replaceable 1/2 in. AR400 skid shoes.,,https://cidattachments.com/compact-tractor-snow-pusher/,,Official product page,Verified — official page,Manufacturer product/source page contains imagery; direct asset URL was not captured in this research pass.,cid-ctspush60
Yes,CID,Snow Pushers,snow-pushers,Compact Tractor Snow Pusher with Pull-Back,cid-compact-tractor-snow-pusher-with-pull-back,72 in. Compact Tractor Snow Pusher with Pull-Back,CTSPUSH72,2,,Universal skid steer quick attach,72,,,,,,,,,Pull-back design; 5/16 in. side wear plates; replaceable 1/2 in. AR400 skid shoes,CID 72 in. Compact Tractor Snow Pusher with Pull-Back for Universal skid steer quick attach. Pull-back design; 5/16 in. side wear plates; replaceable 1/2 in. AR400 skid shoes.,,https://cidattachments.com/compact-tractor-snow-pusher/,,Official product page,Verified — official page,Manufacturer product/source page contains imagery; direct asset URL was not captured in this research pass.,cid-ctspush72
Yes,CID,Snow Pushers,snow-pushers,Compact Tractor Snow Pusher with Pull-Back,cid-compact-tractor-snow-pusher-with-pull-back,84 in. Compact Tractor Snow Pusher with Pull-Back,CTSPUSH84,2,,Universal skid steer quick attach,84,,,,,,,,,Pull-back design; 5/16 in. side wear plates; replaceable 1/2 in. AR400 skid shoes,CID 84 in. Compact Tractor Snow Pusher with Pull-Back for Universal skid steer quick attach. Pull-back design; 5/16 in. side wear plates; replaceable 1/2 in. AR400 skid shoes.,,https://cidattachments.com/compact-tractor-snow-pusher/,,Official product page,Verified — official page,Manufacturer product/source page contains imagery; direct asset URL was not captured in this research pass.,cid-ctspush84
Yes,CID,Snow Pushers,snow-pushers,Compact Tractor Snow Pusher with Pull-Back,cid-compact-tractor-snow-pusher-with-pull-back,96 in. Compact Tractor Snow Pusher with Pull-Back,CTSPUSH96,1,,Universal skid steer quick attach,96,,,,,,,,,Pull-back design; 5/16 in. side wear plates; replaceable 1/2 in. AR400 skid shoes,CID 96 in. Compact Tractor Snow Pusher with Pull-Back for Universal skid steer quick attach. Pull-back design; 5/16 in. side wear plates; replaceable 1/2 in. AR400 skid shoes.,,https://cidattachments.com/compact-tractor-snow-pusher/,,Official product page,Verified — official page,Manufacturer product/source page contains imagery; direct asset URL was not captured in this research pass.,cid-ctspush96
Yes,Braber,Subsoilers & Middle Busters,subsoilers-middle-busters,3-Point Middle Buster,braber-3-point-middle-buster,15 in. 3-Point Middle Buster,MB15N,2,,3-Point Cat 1,15,,,,110,,,40,,6–8 in. working depth,Braber 15 in. 3-Point Middle Buster for 3-Point Cat 1. 6–8 in. working depth.,,https://www.brabereq.com/3-point-hitch-middlebuster-mb15n,https://farmerscoop.ca/wp-content/uploads/Agriease-Catalog-2025_Non-Priced-Small.pdf,Official product page,Verified — official page,Manufacturer product/source page contains imagery; direct asset URL was not captured in this research pass.,braber-mb15n
Yes,Braber,Subsoilers & Middle Busters,subsoilers-middle-busters,3-Point Subsoiler,braber-3-point-subsoiler,2 in. Shank 3-Point Subsoiler,SS1RN,1,,3-Point Cat 1,2,,,,98,,,40,,12–22 in. working depth,Braber 2 in. Shank 3-Point Subsoiler for 3-Point Cat 1. 12–22 in. working depth.,,https://www.brabereq.com/3-point-hitch-subsoiler-ss1rn,https://farmerscoop.ca/wp-content/uploads/Agriease-Catalog-2025_Non-Priced-Small.pdf,Official product page,Verified — official page,Manufacturer product/source page contains imagery; direct asset URL was not captured in this research pass.,braber-ss1rn
Yes,Bad Boy,Tillers,tillers,Bad Boy Rotary Tiller,bad-boy-bad-boy-rotary-tiller,48 in. Class Rotary Tiller,BBRT48O,0,,3-Point Cat 1 or 2,42.75,51.75,,,658,,25,45,540,6.5 in. working depth; gear drive; 36 tines; slip clutch,Bad Boy 48 in. Class Rotary Tiller for 3-Point Cat 1 or 2. 6.5 in. working depth; gear drive; 36 tines; slip clutch.,,https://badboycountry.com/images/manuals/2020_manuals/BBM_Manual_Tiller_4-5-6_2020.pdf,https://badboycountry.com/images/manuals/2020_manuals/BBM_Manual_Tiller_4-5-6_2020.pdf,Official manufacturer manual,Verified — official catalog/manual,Inventory has suffix O; official manual is for the 4/5/6 ft. tiller family. Confirm exact current merchandising name. Manufacturer product/source page contains imagery; direct asset URL was not captured in this research pass.,bad-boy-bbrt48o
Yes,Braber,Tillers,tillers,RTH Gear-Drive Rotary Tiller,braber-rth-gear-drive-rotary-tiller,48 in. RTH Rotary Tiller,BE-RTH120,0,,3-Point Cat 1,48,,,,529,,25,30,540,Gear drive; slip clutch; 4–5 in. working depth,Braber 48 in. RTH Rotary Tiller for 3-Point Cat 1. Gear drive; slip clutch; 4–5 in. working depth.,,https://www.brabereq.com/rth-rotary-tiller-be-rth120,https://farmerscoop.ca/wp-content/uploads/Agriease-Catalog-2025_Non-Priced-Small.pdf,Official product page and catalog,Verified — official catalog/manual,Manufacturer product/source page contains imagery; direct asset URL was not captured in this research pass.,braber-be-rth120
Yes,Braber,Tillers,tillers,RTH Gear-Drive Rotary Tiller,braber-rth-gear-drive-rotary-tiller,60 in. RTH Rotary Tiller,BE-RTH160,0,,3-Point Cat 1,60,,,,617,,35,40,540,Gear drive; slip clutch; 4–5 in. working depth,Braber 60 in. RTH Rotary Tiller for 3-Point Cat 1. Gear drive; slip clutch; 4–5 in. working depth.,,https://www.brabereq.com/rth-rotary-tiller-be-rth160,https://farmerscoop.ca/wp-content/uploads/Agriease-Catalog-2025_Non-Priced-Small.pdf,Official product page and catalog,Verified — official catalog/manual,Manufacturer product/source page contains imagery; direct asset URL was not captured in this research pass.,braber-be-rth160
Yes,Braber,Tillers,tillers,RTH Gear-Drive Rotary Tiller,braber-rth-gear-drive-rotary-tiller,72 in. RTH Rotary Tiller,BE-RTH180,0,,3-Point Cat 1,72,,,,661,,40,45,540,Gear drive; slip clutch; 4–5 in. working depth,Braber 72 in. RTH Rotary Tiller for 3-Point Cat 1. Gear drive; slip clutch; 4–5 in. working depth.,,https://www.brabereq.com/rth-rotary-tiller-be-rth180,https://farmerscoop.ca/wp-content/uploads/Agriease-Catalog-2025_Non-Priced-Small.pdf,Official product page and catalog,Verified — official catalog/manual,Manufacturer product/source page contains imagery; direct asset URL was not captured in this research pass.,braber-be-rth180
Yes,Ironcraft,Tillers,tillers,UH Series Heavy-Duty Tiller,ironcraft-uh-series-heavy-duty-tiller,85 in. UH Heavy-Duty Tiller,UH-84,0,,3-Point Cat 2,85,90,,,993,,50,65,540,Gear drive; 8 in. maximum working depth,Ironcraft 85 in. UH Heavy-Duty Tiller for 3-Point Cat 2. Gear drive; 8 in. maximum working depth.,,https://www.ironcraftusa.com/uh-series-tiller/,,Official product page,Verified — official page,Manufacturer product/source page contains imagery; direct asset URL was not captured in this research pass.,ironcraft-uh-84
Yes,Ironcraft,Tillers,tillers,UL Series Gear-Drive Tiller,ironcraft-ul-series-gear-drive-tiller,48 in. UL Gear-Drive Tiller,UL-48,0,,3-Point Cat 1 or 2,48,53,,,397,,20,25,540,Gear drive; 7 in. maximum working depth,Ironcraft 48 in. UL Gear-Drive Tiller for 3-Point Cat 1 or 2. Gear drive; 7 in. maximum working depth.,,https://www.ironcraftusa.com/ul-series-gear-drive-tiller/,,Official product page,Verified — official page,Manufacturer product/source page contains imagery; direct asset URL was not captured in this research pass.,ironcraft-ul-48
Yes,Ironcraft,Tillers,tillers,UL Series Gear-Drive Tiller,ironcraft-ul-series-gear-drive-tiller,60 in. UL Gear-Drive Tiller,UL-60,0,,3-Point Cat 1 or 2,60,65,,,441,,20,40,540,Gear drive; 7 in. maximum working depth,Ironcraft 60 in. UL Gear-Drive Tiller for 3-Point Cat 1 or 2. Gear drive; 7 in. maximum working depth.,,https://www.ironcraftusa.com/ul-series-gear-drive-tiller/,,Official product page,Verified — official page,Manufacturer product/source page contains imagery; direct asset URL was not captured in this research pass.,ironcraft-ul-60
Yes,Ironcraft,Tillers,tillers,UM Series Rotary Tiller,ironcraft-um-series-rotary-tiller,60 in. UM Heavy-Duty Rotary Tiller,UM-56,0,,3-Point Cat 1,60,65,,,578,,25,50,540,Gear drive; 7 in. maximum working depth,Ironcraft 60 in. UM Heavy-Duty Rotary Tiller for 3-Point Cat 1. Gear drive; 7 in. maximum working depth.,,https://www.ironcraftusa.com/um-series-rotary-tiller/,,Official product page,Verified — official page,Official current specs list 60 in. working width despite dealer description '5 ft.'; confirm model plate. Manufacturer product/source page contains imagery; direct asset URL was not captured in this research pass.,ironcraft-um-56
Yes,Ironcraft,Tillers,tillers,UM Series Rotary Tiller,ironcraft-um-series-rotary-tiller,73 in. UM Heavy-Duty Rotary Tiller,UM-72,0,,3-Point Cat 1,73,78,,,684,,25,50,540,Gear drive; 7 in. maximum working depth,Ironcraft 73 in. UM Heavy-Duty Rotary Tiller for 3-Point Cat 1. Gear drive; 7 in. maximum working depth.,,https://www.ironcraftusa.com/um-series-rotary-tiller/,,Official product page,Verified — official page,Manufacturer product/source page contains imagery; direct asset URL was not captured in this research pass.,ironcraft-um-72
Yes,Braber,Trailer Movers,trailer-movers,3-Point Trailer Mover,braber-3-point-trailer-mover,Lower-Connection 3-Point Trailer Receiver,BE-64.500.340Q,1,,3-Point Cat 1,,,,,26,,,,,Lower-connection receiver frame,Braber Lower-Connection 3-Point Trailer Receiver for 3-Point Cat 1. Lower-connection receiver frame.,,https://www.brabereq.com/lower-connection-3pt-trailer-receiver-64-500-340q,,Official product page,Verified — official page,Manufacturer part number omits the BE- prefix; inventory SKU retained. Manufacturer product/source page contains imagery; direct asset URL was not captured in this research pass.,braber-be-64-500-340q
Yes,Braber,Trailer Movers,trailer-movers,Heavy-Duty Trailer Mover,braber-heavy-duty-trailer-mover,Heavy-Duty 3-Point Trailer Mover,BE-64.500.344,2,,3-Point Cat 1–2,,,,,72,,,,,Includes interchangeable 2-5/16 in. ball,Braber Heavy-Duty 3-Point Trailer Mover for 3-Point Cat 1–2. Includes interchangeable 2-5/16 in. ball.,,https://www.brabereq.com/heavy-duty-trailer-mover-64-500-344,,Official product page,Verified — official page,Manufacturer part number omits the BE- prefix; inventory SKU retained. Manufacturer product/source page contains imagery; direct asset URL was not captured in this research pass.,braber-be-64-500-344
